,FAD
2007-05-11,29.889999389648438
2007-05-14,29.889999389648438
2007-05-15,29.889999389648438
2007-05-16,29.889999389648438
2007-05-17,29.889999389648438
2007-05-18,29.889999389648438
2007-05-21,29.889999389648438
2007-05-22,29.889999389648438
2007-05-23,30.610000610351562
2007-05-24,30.610000610351562
2007-05-25,30.200000762939453
2007-05-29,30.239999771118164
2007-05-30,30.239999771118164
2007-05-31,30.239999771118164
2007-06-01,30.920000076293945
2007-06-04,30.920000076293945
2007-06-05,30.920000076293945
2007-06-06,30.920000076293945
2007-06-07,29.959999084472656
2007-06-08,29.8799991607666
2007-06-11,29.8799991607666
2007-06-12,29.8799991607666
2007-06-13,29.8799991607666
2007-06-14,30.549999237060547
2007-06-15,30.90999984741211
2007-06-18,30.75
2007-06-19,30.729999542236328
2007-06-20,30.729999542236328
2007-06-21,30.5
2007-06-22,30.18000030517578
2007-06-25,30.18000030517578
2007-06-26,29.979999542236328
2007-06-27,30.200000762939453
2007-06-28,30.420000076293945
2007-06-29,30.219999313354492
2007-07-02,30.549999237060547
2007-07-03,30.799999237060547
2007-07-05,30.860000610351562
2007-07-06,31.06999969482422
2007-07-09,31.06999969482422
2007-07-10,30.690000534057617
2007-07-11,30.829999923706055
2007-07-12,31.34000015258789
2007-07-13,31.489999771118164
2007-07-16,31.280000686645508
2007-07-17,31.440000534057617
2007-07-18,31.209999084472656
2007-07-19,31.510000228881836
2007-07-20,31.290000915527344
2007-07-23,31.170000076293945
2007-07-24,30.8799991607666
2007-07-25,30.489999771118164
2007-07-26,29.59000015258789
2007-07-27,29.3799991607666
2007-07-30,29.450000762939453
2007-07-31,29.34000015258789
2007-08-01,29.15999984741211
2007-08-02,29.15999984741211
2007-08-03,28.84000015258789
2007-08-06,28.920000076293945
2007-08-07,29.40999984741211
2007-08-08,29.43000030517578
2007-08-09,29.06999969482422
2007-08-10,29.190000534057617
2007-08-13,29.190000534057617
2007-08-14,28.75
2007-08-15,28.18000030517578
2007-08-16,28.059999465942383
2007-08-17,28.280000686645508
2007-08-20,28.670000076293945
2007-08-21,28.90999984741211
2007-08-22,29.18000030517578
2007-08-23,29.229999542236328
2007-08-24,29.649999618530273
2007-08-27,29.440000534057617
2007-08-28,28.969999313354492
2007-08-29,29.309999465942383
2007-08-30,29.260000228881836
2007-08-31,29.6299991607666
2007-09-04,30.079999923706055
2007-09-05,29.6200008392334
2007-09-06,29.75
2007-09-07,29.350000381469727
2007-09-10,29.399999618530273
2007-09-11,29.549999237060547
2007-09-12,29.65999984741211
2007-09-13,29.899999618530273
2007-09-14,29.510000228881836
2007-09-17,29.690000534057617
2007-09-18,29.829999923706055
2007-09-19,30.860000610351562
2007-09-20,30.670000076293945
2007-09-21,30.799999237060547
2007-09-24,30.579999923706055
2007-09-25,30.329999923706055
2007-09-26,30.829999923706055
2007-09-27,30.969999313354492
2007-09-28,30.850000381469727
2007-10-01,31.329999923706055
2007-10-02,31.420000076293945
2007-10-03,31.290000915527344
2007-10-04,31.290000915527344
2007-10-05,31.290000915527344
2007-10-08,31.290000915527344
2007-10-09,31.290000915527344
2007-10-10,32.06999969482422
2007-10-11,31.739999771118164
2007-10-12,31.739999771118164
2007-10-15,31.739999771118164
2007-10-16,31.739999771118164
2007-10-17,31.540000915527344
2007-10-18,31.809999465942383
2007-10-19,31.010000228881836
2007-10-22,30.889999389648438
2007-10-23,31.350000381469727
2007-10-24,31.219999313354492
2007-10-25,31.139999389648438
2007-10-26,31.139999389648438
2007-10-29,31.709999084472656
2007-10-30,31.5
2007-10-31,31.700000762939453
2007-11-01,31.06999969482422
2007-11-02,31.200000762939453
2007-11-05,31.1299991607666
2007-11-06,31.309999465942383
2007-11-07,30.739999771118164
2007-11-08,30.649999618530273
2007-11-09,30.100000381469727
2007-11-12,29.479999542236328
2007-11-13,30.25
2007-11-14,30.31999969482422
2007-11-15,29.809999465942383
2007-11-16,29.799999237060547
2007-11-19,29.229999542236328
2007-11-20,29.219999313354492
2007-11-21,29.010000228881836
2007-11-23,29.010000228881836
2007-11-26,29.010000228881836
2007-11-27,29.399999618530273
2007-11-28,30.25
2007-11-29,30.25
2007-11-30,30.3700008392334
2007-12-03,30.329999923706055
2007-12-04,30.139999389648438
2007-12-05,30.6200008392334
2007-12-06,31.18000030517578
2007-12-07,31.1299991607666
2007-12-10,31.360000610351562
2007-12-11,30.440000534057617
2007-12-12,30.829999923706055
2007-12-13,30.709999084472656
2007-12-14,30.350000381469727
2007-12-17,29.780000686645508
2007-12-18,29.959999084472656
2007-12-19,30.06999969482422
2007-12-20,30.260000228881836
2007-12-21,30.700000762939453
2007-12-24,31.0
2007-12-26,31.09000015258789
2007-12-27,30.610000610351562
2007-12-28,30.649999618530273
2007-12-31,30.389999389648438
2008-01-02,30.040000915527344
2008-01-03,30.09000015258789
2008-01-04,29.15999984741211
2008-01-07,28.899999618530273
2008-01-08,28.40999984741211
2008-01-09,28.239999771118164
2008-01-10,28.850000381469727
2008-01-11,28.6299991607666
2008-01-14,28.639999389648438
2008-01-15,28.1299991607666
2008-01-16,28.149999618530273
2008-01-17,26.969999313354492
2008-01-18,26.860000610351562
2008-01-22,26.579999923706055
2008-01-23,26.200000762939453
2008-01-24,26.969999313354492
2008-01-25,26.969999313354492
2008-01-28,27.1200008392334
2008-01-29,27.329999923706055
2008-01-30,27.56999969482422
2008-01-31,27.610000610351562
2008-02-01,28.049999237060547
2008-02-04,28.110000610351562
2008-02-05,27.530000686645508
2008-02-06,26.850000381469727
2008-02-07,27.079999923706055
2008-02-08,27.15999984741211
2008-02-11,27.5
2008-02-12,27.649999618530273
2008-02-13,27.979999542236328
2008-02-14,27.600000381469727
2008-02-15,27.540000915527344
2008-02-19,27.790000915527344
2008-02-20,27.979999542236328
2008-02-21,27.6200008392334
2008-02-22,27.709999084472656
2008-02-25,27.950000762939453
2008-02-26,28.43000030517578
2008-02-27,28.40999984741211
2008-02-28,28.260000228881836
2008-02-29,27.450000762939453
2008-03-03,27.239999771118164
2008-03-04,27.329999923706055
2008-03-05,27.56999969482422
2008-03-06,26.989999771118164
2008-03-07,26.700000762939453
2008-03-10,26.280000686645508
2008-03-11,26.270000457763672
2008-03-12,26.75
2008-03-13,27.1200008392334
2008-03-14,26.610000610351562
2008-03-17,26.020000457763672
2008-03-18,26.790000915527344
2008-03-19,26.450000762939453
2008-03-20,26.68000030517578
2008-03-24,27.510000228881836
2008-03-25,27.40999984741211
2008-03-26,27.469999313354492
2008-03-27,27.389999389648438
2008-03-28,27.1200008392334
2008-03-31,27.139999389648438
2008-04-01,27.899999618530273
2008-04-02,28.09000015258789
2008-04-03,28.06999969482422
2008-04-04,28.06999969482422
2008-04-07,28.459999084472656
2008-04-08,28.239999771118164
2008-04-09,28.239999771118164
2008-04-10,28.25
2008-04-11,28.25
2008-04-14,27.75
2008-04-15,27.770000457763672
2008-04-16,28.489999771118164
2008-04-17,28.6200008392334
2008-04-18,28.850000381469727
2008-04-21,29.079999923706055
2008-04-22,28.770000457763672
2008-04-23,28.770000457763672
2008-04-24,28.3700008392334
2008-04-25,29.1200008392334
2008-04-28,29.229999542236328
2008-04-29,28.989999771118164
2008-04-30,29.0
2008-05-01,29.049999237060547
2008-05-02,29.190000534057617
2008-05-05,29.09000015258789
2008-05-06,29.09000015258789
2008-05-07,29.040000915527344
2008-05-08,29.219999313354492
2008-05-09,29.020000457763672
2008-05-12,29.510000228881836
2008-05-13,29.649999618530273
2008-05-14,29.850000381469727
2008-05-15,29.670000076293945
2008-05-16,29.670000076293945
2008-05-19,30.0
2008-05-20,29.889999389648438
2008-05-21,29.450000762939453
2008-05-22,29.6200008392334
2008-05-23,29.209999084472656
2008-05-27,29.209999084472656
2008-05-28,29.209999084472656
2008-05-29,29.209999084472656
2008-05-30,29.209999084472656
2008-06-02,29.209999084472656
2008-06-03,29.68000030517578
2008-06-04,29.690000534057617
2008-06-05,30.280000686645508
2008-06-06,29.81999969482422
2008-06-09,29.6200008392334
2008-06-10,29.559999465942383
2008-06-11,29.559999465942383
2008-06-12,29.020000457763672
2008-06-13,29.469999313354492
2008-06-16,29.6200008392334
2008-06-17,29.780000686645508
2008-06-18,29.579999923706055
2008-06-19,29.719999313354492
2008-06-20,29.329999923706055
2008-06-23,29.420000076293945
2008-06-24,29.0
2008-06-25,29.09000015258789
2008-06-26,28.5
2008-06-27,28.559999465942383
2008-06-30,28.610000610351562
2008-07-01,28.610000610351562
2008-07-02,27.729999542236328
2008-07-03,27.729999542236328
2008-07-07,27.309999465942383
2008-07-08,27.59000015258789
2008-07-09,27.280000686645508
2008-07-10,27.329999923706055
2008-07-11,27.329999923706055
2008-07-14,27.549999237060547
2008-07-15,27.31999969482422
2008-07-16,27.260000228881836
2008-07-17,27.6299991607666
2008-07-18,27.549999237060547
2008-07-21,27.639999389648438
2008-07-22,28.059999465942383
2008-07-23,28.059999465942383
2008-07-24,27.299999237060547
2008-07-25,27.399999618530273
2008-07-28,27.18000030517578
2008-07-29,27.360000610351562
2008-07-30,27.780000686645508
2008-07-31,27.809999465942383
2008-08-01,27.649999618530273
2008-08-04,26.809999465942383
2008-08-05,26.809999465942383
2008-08-06,27.280000686645508
2008-08-07,27.5
2008-08-08,27.670000076293945
2008-08-11,27.809999465942383
2008-08-12,27.809999465942383
2008-08-13,27.8799991607666
2008-08-14,28.010000228881836
2008-08-15,27.920000076293945
2008-08-18,27.469999313354492
2008-08-19,27.3700008392334
2008-08-20,27.600000381469727
2008-08-21,27.600000381469727
2008-08-22,27.8700008392334
2008-08-25,27.34000015258789
2008-08-26,27.34000015258789
2008-08-27,27.75
2008-08-28,28.010000228881836
2008-08-29,27.75
2008-09-02,27.260000228881836
2008-09-03,26.93000030517578
2008-09-04,26.31999969482422
2008-09-05,26.399999618530273
2008-09-08,26.510000228881836
2008-09-09,25.389999389648438
2008-09-10,25.889999389648438
2008-09-11,25.790000915527344
2008-09-12,25.790000915527344
2008-09-15,25.389999389648438
2008-09-16,25.639999389648438
2008-09-17,24.600000381469727
2008-09-18,24.670000076293945
2008-09-19,26.440000534057617
2008-09-22,26.440000534057617
2008-09-23,25.290000915527344
2008-09-24,25.200000762939453
2008-09-25,25.399999618530273
2008-09-26,25.399999618530273
2008-09-29,25.399999618530273
2008-09-30,24.43000030517578
2008-10-01,23.709999084472656
2008-10-02,22.68000030517578
2008-10-03,22.31999969482422
2008-10-06,21.309999465942383
2008-10-07,20.719999313354492
2008-10-08,19.600000381469727
2008-10-09,18.799999237060547
2008-10-10,18.610000610351562
2008-10-13,19.469999313354492
2008-10-14,20.329999923706055
2008-10-15,20.329999923706055
2008-10-16,20.329999923706055
2008-10-17,19.239999771118164
2008-10-20,19.239999771118164
2008-10-21,19.239999771118164
2008-10-22,18.610000610351562
2008-10-23,18.610000610351562
2008-10-24,17.450000762939453
2008-10-27,16.600000381469727
2008-10-28,17.34000015258789
2008-10-29,17.34000015258789
2008-10-30,18.200000762939453
2008-10-31,18.6299991607666
2008-11-03,19.280000686645508
2008-11-04,19.280000686645508
2008-11-05,19.280000686645508
2008-11-06,19.280000686645508
2008-11-07,19.280000686645508
2008-11-10,19.280000686645508
2008-11-11,19.280000686645508
2008-11-12,17.3799991607666
2008-11-13,16.8799991607666
2008-11-14,17.579999923706055
2008-11-17,17.56999969482422
2008-11-18,16.860000610351562
2008-11-19,16.420000076293945
2008-11-20,16.420000076293945
2008-11-21,15.1899995803833
2008-11-24,16.520000457763672
2008-11-25,16.690000534057617
2008-11-26,16.93000030517578
2008-11-28,16.93000030517578
2008-12-01,16.5
2008-12-02,16.56999969482422
2008-12-03,17.100000381469727
2008-12-04,17.40999984741211
2008-12-05,17.40999984741211
2008-12-08,18.049999237060547
2008-12-09,17.84000015258789
2008-12-10,17.940000534057617
2008-12-11,17.940000534057617
2008-12-12,17.43000030517578
2008-12-15,17.239999771118164
2008-12-16,17.760000228881836
2008-12-17,18.1299991607666
2008-12-18,18.1299991607666
2008-12-19,18.049999237060547
2008-12-22,17.559999465942383
2008-12-23,17.59000015258789
2008-12-24,17.389999389648438
2008-12-26,17.68000030517578
2008-12-29,17.540000915527344
2008-12-30,18.0
2008-12-31,18.56999969482422
2009-01-02,18.56999969482422
2009-01-05,18.760000228881836
2009-01-06,18.90999984741211
2009-01-07,18.6299991607666
2009-01-08,18.360000610351562
2009-01-09,18.190000534057617
2009-01-12,17.84000015258789
2009-01-13,17.739999771118164
2009-01-14,17.25
2009-01-15,17.510000228881836
2009-01-16,17.829999923706055
2009-01-20,17.219999313354492
2009-01-21,17.100000381469727
2009-01-22,17.229999542236328
2009-01-23,17.239999771118164
2009-01-26,17.239999771118164
2009-01-27,17.6299991607666
2009-01-28,17.950000762939453
2009-01-29,17.68000030517578
2009-01-30,17.68000030517578
2009-02-02,17.309999465942383
2009-02-03,17.309999465942383
2009-02-04,17.479999542236328
2009-02-05,17.649999618530273
2009-02-06,18.06999969482422
2009-02-09,17.920000076293945
2009-02-10,17.420000076293945
2009-02-11,17.360000610351562
2009-02-12,17.360000610351562
2009-02-13,17.520000457763672
2009-02-17,16.969999313354492
2009-02-18,16.81999969482422
2009-02-19,16.81999969482422
2009-02-20,16.360000610351562
2009-02-23,16.020000457763672
2009-02-24,16.1299991607666
2009-02-25,16.25
2009-02-26,15.989999771118164
2009-02-27,15.949999809265137
2009-03-02,15.109999656677246
2009-03-03,15.229999542236328
2009-03-04,15.229999542236328
2009-03-05,14.8100004196167
2009-03-06,14.600000381469727
2009-03-09,14.600000381469727
2009-03-10,15.130000114440918
2009-03-11,15.239999771118164
2009-03-12,15.65999984741211
2009-03-13,16.0
2009-03-16,16.09000015258789
2009-03-17,15.84000015258789
2009-03-18,16.309999465942383
2009-03-19,16.520000457763672
2009-03-20,16.520000457763672
2009-03-23,17.06999969482422
2009-03-24,17.06999969482422
2009-03-25,16.5
2009-03-26,17.420000076293945
2009-03-27,17.110000610351562
2009-03-30,16.709999084472656
2009-03-31,17.09000015258789
2009-04-01,16.540000915527344
2009-04-02,17.65999984741211
2009-04-03,17.530000686645508
2009-04-06,17.40999984741211
2009-04-07,17.100000381469727
2009-04-08,17.34000015258789
2009-04-09,17.989999771118164
2009-04-13,18.030000686645508
2009-04-14,17.739999771118164
2009-04-15,17.579999923706055
2009-04-16,18.030000686645508
2009-04-17,18.030000686645508
2009-04-20,17.729999542236328
2009-04-21,17.760000228881836
2009-04-22,18.299999237060547
2009-04-23,17.8799991607666
2009-04-24,18.100000381469727
2009-04-27,18.149999618530273
2009-04-28,18.260000228881836
2009-04-29,18.260000228881836
2009-04-30,18.510000228881836
2009-05-01,18.440000534057617
2009-05-04,18.440000534057617
2009-05-05,18.440000534057617
2009-05-06,18.440000534057617
2009-05-07,18.5
2009-05-08,18.719999313354492
2009-05-11,18.68000030517578
2009-05-12,18.450000762939453
2009-05-13,18.030000686645508
2009-05-14,18.229999542236328
2009-05-15,18.040000915527344
2009-05-18,18.520000457763672
2009-05-19,18.649999618530273
2009-05-20,18.649999618530273
2009-05-21,18.1299991607666
2009-05-22,18.209999084472656
2009-05-26,18.690000534057617
2009-05-27,18.479999542236328
2009-05-28,18.489999771118164
2009-05-29,18.489999771118164
2009-06-01,19.399999618530273
2009-06-02,19.399999618530273
2009-06-03,19.299999237060547
2009-06-04,19.389999389648438
2009-06-05,19.420000076293945
2009-06-08,19.18000030517578
2009-06-09,19.579999923706055
2009-06-10,19.34000015258789
2009-06-11,19.549999237060547
2009-06-12,19.549999237060547
2009-06-15,18.90999984741211
2009-06-16,18.729999542236328
2009-06-17,18.729999542236328
2009-06-18,18.989999771118164
2009-06-19,18.989999771118164
2009-06-22,18.610000610351562
2009-06-23,18.479999542236328
2009-06-24,18.65999984741211
2009-06-25,18.780000686645508
2009-06-26,18.93000030517578
2009-06-29,18.959999084472656
2009-06-30,18.93000030517578
2009-07-01,19.260000228881836
2009-07-02,19.260000228881836
2009-07-06,18.520000457763672
2009-07-07,18.56999969482422
2009-07-08,18.56999969482422
2009-07-09,18.209999084472656
2009-07-10,18.209999084472656
2009-07-13,18.639999389648438
2009-07-14,18.639999389648438
2009-07-15,19.200000762939453
2009-07-16,19.399999618530273
2009-07-17,19.700000762939453
2009-07-20,19.8799991607666
2009-07-21,19.969999313354492
2009-07-22,20.020000457763672
2009-07-23,20.56999969482422
2009-07-24,20.59000015258789
2009-07-27,20.6200008392334
2009-07-28,20.65999984741211
2009-07-29,20.65999984741211
2009-07-30,20.65999984741211
2009-07-31,20.920000076293945
2009-08-03,21.170000076293945
2009-08-04,21.15999984741211
2009-08-05,21.0
2009-08-06,20.90999984741211
2009-08-07,20.90999984741211
2009-08-10,21.18000030517578
2009-08-11,21.0
2009-08-12,21.25
2009-08-13,21.299999237060547
2009-08-14,21.299999237060547
2009-08-17,20.5
2009-08-18,20.5
2009-08-19,20.950000762939453
2009-08-20,21.18000030517578
2009-08-21,21.540000915527344
2009-08-24,21.420000076293945
2009-08-25,21.6200008392334
2009-08-26,21.549999237060547
2009-08-27,21.610000610351562
2009-08-28,21.610000610351562
2009-08-31,21.299999237060547
2009-09-01,20.90999984741211
2009-09-02,20.959999084472656
2009-09-03,20.959999084472656
2009-09-04,20.959999084472656
2009-09-08,21.56999969482422
2009-09-09,21.940000534057617
2009-09-10,22.15999984741211
2009-09-11,22.139999389648438
2009-09-14,22.3700008392334
2009-09-15,22.3700008392334
2009-09-16,22.889999389648438
2009-09-17,22.90999984741211
2009-09-18,22.90999984741211
2009-09-21,22.8799991607666
2009-09-22,23.020000457763672
2009-09-23,23.020000457763672
2009-09-24,22.3700008392334
2009-09-25,22.299999237060547
2009-09-28,22.739999771118164
2009-09-29,22.739999771118164
2009-09-30,22.709999084472656
2009-10-01,22.040000915527344
2009-10-02,21.81999969482422
2009-10-05,22.170000076293945
2009-10-06,22.56999969482422
2009-10-07,22.56999969482422
2009-10-08,23.049999237060547
2009-10-09,23.049999237060547
2009-10-12,23.079999923706055
2009-10-13,23.139999389648438
2009-10-14,23.450000762939453
2009-10-15,23.450000762939453
2009-10-16,23.209999084472656
2009-10-19,23.690000534057617
2009-10-20,23.690000534057617
2009-10-21,23.350000381469727
2009-10-22,23.350000381469727
2009-10-23,23.030000686645508
2009-10-26,23.049999237060547
2009-10-27,22.770000457763672
2009-10-28,22.270000457763672
2009-10-29,22.309999465942383
2009-10-30,21.670000076293945
2009-11-02,21.690000534057617
2009-11-03,22.020000457763672
2009-11-04,22.18000030517578
2009-11-05,22.450000762939453
2009-11-06,22.459999084472656
2009-11-09,23.0
2009-11-10,23.040000915527344
2009-11-11,23.040000915527344
2009-11-12,22.770000457763672
2009-11-13,22.920000076293945
2009-11-16,23.450000762939453
2009-11-17,23.329999923706055
2009-11-18,23.219999313354492
2009-11-19,22.770000457763672
2009-11-20,22.540000915527344
2009-11-23,22.8700008392334
2009-11-24,22.760000228881836
2009-11-25,23.020000457763672
2009-11-27,22.639999389648438
2009-11-30,22.5
2009-12-01,22.989999771118164
2009-12-02,22.90999984741211
2009-12-03,22.950000762939453
2009-12-04,22.809999465942383
2009-12-07,22.969999313354492
2009-12-08,22.899999618530273
2009-12-09,22.780000686645508
2009-12-10,22.940000534057617
2009-12-11,23.149999618530273
2009-12-14,23.399999618530273
2009-12-15,23.399999618530273
2009-12-16,23.639999389648438
2009-12-17,23.479999542236328
2009-12-18,23.479999542236328
2009-12-21,23.799999237060547
2009-12-22,23.889999389648438
2009-12-23,24.239999771118164
2009-12-24,24.239999771118164
2009-12-28,24.40999984741211
2009-12-29,24.229999542236328
2009-12-30,24.1299991607666
2009-12-31,24.260000228881836
2010-01-04,24.40999984741211
2010-01-05,24.40999984741211
2010-01-06,24.670000076293945
2010-01-07,24.649999618530273
2010-01-08,24.829999923706055
2010-01-11,24.829999923706055
2010-01-12,24.829999923706055
2010-01-13,24.670000076293945
2010-01-14,24.639999389648438
2010-01-15,24.299999237060547
2010-01-19,24.6299991607666
2010-01-20,24.520000457763672
2010-01-21,23.920000076293945
2010-01-22,23.65999984741211
2010-01-25,23.40999984741211
2010-01-26,23.579999923706055
2010-01-27,23.239999771118164
2010-01-28,23.260000228881836
2010-01-29,22.850000381469727
2010-02-01,23.149999618530273
2010-02-02,23.420000076293945
2010-02-03,23.420000076293945
2010-02-04,22.639999389648438
2010-02-05,22.510000228881836
2010-02-08,22.799999237060547
2010-02-09,23.0
2010-02-10,22.93000030517578
2010-02-11,22.93000030517578
2010-02-12,23.350000381469727
2010-02-16,23.56999969482422
2010-02-17,23.899999618530273
2010-02-18,24.15999984741211
2010-02-19,24.190000534057617
2010-02-22,24.190000534057617
2010-02-23,23.829999923706055
2010-02-24,23.93000030517578
2010-02-25,23.770000457763672
2010-02-26,24.139999389648438
2010-03-01,24.139999389648438
2010-03-02,24.860000610351562
2010-03-03,25.079999923706055
2010-03-04,25.010000228881836
2010-03-05,25.010000228881836
2010-03-08,25.510000228881836
2010-03-09,25.389999389648438
2010-03-10,25.610000610351562
2010-03-11,25.6200008392334
2010-03-12,25.81999969482422
2010-03-15,25.690000534057617
2010-03-16,25.969999313354492
2010-03-17,26.260000228881836
2010-03-18,26.049999237060547
2010-03-19,25.799999237060547
2010-03-22,26.15999984741211
2010-03-23,26.239999771118164
2010-03-24,26.209999084472656
2010-03-25,26.06999969482422
2010-03-26,26.219999313354492
2010-03-29,26.25
2010-03-30,26.190000534057617
2010-03-31,26.18000030517578
2010-04-01,26.450000762939453
2010-04-05,26.790000915527344
2010-04-06,26.969999313354492
2010-04-07,26.75
2010-04-08,26.770000457763672
2010-04-09,26.90999984741211
2010-04-12,26.969999313354492
2010-04-13,27.110000610351562
2010-04-14,27.510000228881836
2010-04-15,27.510000228881836
2010-04-16,27.100000381469727
2010-04-19,27.010000228881836
2010-04-20,27.399999618530273
2010-04-21,27.360000610351562
2010-04-22,27.229999542236328
2010-04-23,27.969999313354492
2010-04-26,28.149999618530273
2010-04-27,27.34000015258789
2010-04-28,27.420000076293945
2010-04-29,27.799999237060547
2010-04-30,27.100000381469727
2010-05-03,27.6200008392334
2010-05-04,26.84000015258789
2010-05-05,26.549999237060547
2010-05-06,25.5
2010-05-07,25.270000457763672
2010-05-10,26.1200008392334
2010-05-11,26.579999923706055
2010-05-12,26.950000762939453
2010-05-13,26.8799991607666
2010-05-14,25.959999084472656
2010-05-17,26.219999313354492
2010-05-18,25.729999542236328
2010-05-19,25.520000457763672
2010-05-20,24.510000228881836
2010-05-21,24.770000457763672
2010-05-24,24.809999465942383
2010-05-25,24.149999618530273
2010-05-26,24.81999969482422
2010-05-27,25.610000610351562
2010-05-28,25.540000915527344
2010-06-01,24.989999771118164
2010-06-02,25.31999969482422
2010-06-03,25.670000076293945
2010-06-04,24.579999923706055
2010-06-07,23.969999313354492
2010-06-08,23.8799991607666
2010-06-09,24.200000762939453
2010-06-10,24.979999542236328
2010-06-11,25.280000686645508
2010-06-14,25.739999771118164
2010-06-15,25.799999237060547
2010-06-16,26.040000915527344
2010-06-17,25.790000915527344
2010-06-18,25.90999984741211
2010-06-21,25.639999389648438
2010-06-22,25.450000762939453
2010-06-23,25.170000076293945
2010-06-24,24.549999237060547
2010-06-25,24.81999969482422
2010-06-28,25.0
2010-06-29,23.709999084472656
2010-06-30,23.709999084472656
2010-07-01,23.5
2010-07-02,23.229999542236328
2010-07-06,23.270000457763672
2010-07-07,24.020000457763672
2010-07-08,24.139999389648438
2010-07-09,24.389999389648438
2010-07-12,24.219999313354492
2010-07-13,24.940000534057617
2010-07-14,24.93000030517578
2010-07-15,24.649999618530273
2010-07-16,24.06999969482422
2010-07-19,24.18000030517578
2010-07-20,24.559999465942383
2010-07-21,24.239999771118164
2010-07-22,24.809999465942383
2010-07-23,25.1299991607666
2010-07-26,25.459999084472656
2010-07-27,25.59000015258789
2010-07-28,25.0
2010-07-29,24.940000534057617
2010-07-30,24.940000534057617
2010-08-02,25.479999542236328
2010-08-03,25.31999969482422
2010-08-04,25.579999923706055
2010-08-05,25.420000076293945
2010-08-06,25.079999923706055
2010-08-09,25.5
2010-08-10,25.34000015258789
2010-08-11,24.579999923706055
2010-08-12,24.350000381469727
2010-08-13,24.40999984741211
2010-08-16,24.270000457763672
2010-08-17,24.899999618530273
2010-08-18,24.90999984741211
2010-08-19,24.520000457763672
2010-08-20,24.469999313354492
2010-08-23,24.469999313354492
2010-08-24,24.0
2010-08-25,23.639999389648438
2010-08-26,24.149999618530273
2010-08-27,24.270000457763672
2010-08-30,24.149999618530273
2010-08-31,23.90999984741211
2010-09-01,24.719999313354492
2010-09-02,25.100000381469727
2010-09-03,25.440000534057617
2010-09-07,25.1200008392334
2010-09-08,25.299999237060547
2010-09-09,25.34000015258789
2010-09-10,25.3700008392334
2010-09-13,25.709999084472656
2010-09-14,25.889999389648438
2010-09-15,25.90999984741211
2010-09-16,25.90999984741211
2010-09-17,26.040000915527344
2010-09-20,26.260000228881836
2010-09-21,26.399999618530273
2010-09-22,26.110000610351562
2010-09-23,26.229999542236328
2010-09-24,26.510000228881836
2010-09-27,26.530000686645508
2010-09-28,26.540000915527344
2010-09-29,26.719999313354492
2010-09-30,26.649999618530273
2010-10-01,26.649999618530273
2010-10-04,26.299999237060547
2010-10-05,27.040000915527344
2010-10-06,26.8700008392334
2010-10-07,26.799999237060547
2010-10-08,27.040000915527344
2010-10-11,27.079999923706055
2010-10-12,27.079999923706055
2010-10-13,27.56999969482422
2010-10-14,27.350000381469727
2010-10-15,27.459999084472656
2010-10-18,27.530000686645508
2010-10-19,27.030000686645508
2010-10-20,27.360000610351562
2010-10-21,27.1200008392334
2010-10-22,27.59000015258789
2010-10-25,27.799999237060547
2010-10-26,27.809999465942383
2010-10-27,27.700000762939453
2010-10-28,27.690000534057617
2010-10-29,27.799999237060547
2010-11-01,27.770000457763672
2010-11-02,28.100000381469727
2010-11-03,28.1299991607666
2010-11-04,28.68000030517578
2010-11-05,28.8700008392334
2010-11-08,28.889999389648438
2010-11-09,28.700000762939453
2010-11-10,28.68000030517578
2010-11-11,28.790000915527344
2010-11-12,28.360000610351562
2010-11-15,28.3700008392334
2010-11-16,27.829999923706055
2010-11-17,27.93000030517578
2010-11-18,28.43000030517578
2010-11-19,28.59000015258789
2010-11-22,28.84000015258789
2010-11-23,28.479999542236328
2010-11-24,29.06999969482422
2010-11-26,29.049999237060547
2010-11-29,28.950000762939453
2010-11-30,28.770000457763672
2010-12-01,29.40999984741211
2010-12-02,29.729999542236328
2010-12-03,29.959999084472656
2010-12-06,29.950000762939453
2010-12-07,30.020000457763672
2010-12-08,29.979999542236328
2010-12-09,30.06999969482422
2010-12-10,30.280000686645508
2010-12-13,30.100000381469727
2010-12-14,30.079999923706055
2010-12-15,29.989999771118164
2010-12-16,30.219999313354492
2010-12-17,30.3700008392334
2010-12-20,30.40999984741211
2010-12-21,30.520000457763672
2010-12-22,30.420000076293945
2010-12-23,30.360000610351562
2010-12-27,30.399999618530273
2010-12-28,30.239999771118164
2010-12-29,30.40999984741211
2010-12-30,30.399999618530273
2010-12-31,30.270000457763672
2011-01-03,30.6200008392334
2011-01-04,30.200000762939453
2011-01-05,30.40999984741211
2011-01-06,30.280000686645508
2011-01-07,30.100000381469727
2011-01-10,30.350000381469727
2011-01-11,30.530000686645508
2011-01-12,30.729999542236328
2011-01-13,30.739999771118164
2011-01-14,30.950000762939453
2011-01-18,30.979999542236328
2011-01-19,30.65999984741211
2011-01-20,30.010000228881836
2011-01-21,30.06999969482422
2011-01-24,30.190000534057617
2011-01-25,29.989999771118164
2011-01-26,30.65999984741211
2011-01-27,30.790000915527344
2011-01-28,30.100000381469727
2011-01-31,30.459999084472656
2011-02-01,30.989999771118164
2011-02-02,30.969999313354492
2011-02-03,31.110000610351562
2011-02-04,31.290000915527344
2011-02-07,31.670000076293945
2011-02-08,31.59000015258789
2011-02-09,31.68000030517578
2011-02-10,31.979999542236328
2011-02-11,32.29999923706055
2011-02-14,32.5099983215332
2011-02-15,32.220001220703125
2011-02-16,32.529998779296875
2011-02-17,32.70000076293945
2011-02-18,32.59000015258789
2011-02-22,31.639999389648438
2011-02-23,31.170000076293945
2011-02-24,31.260000228881836
2011-02-25,31.889999389648438
2011-02-28,31.93000030517578
2011-03-01,31.3700008392334
2011-03-02,31.65999984741211
2011-03-03,32.34000015258789
2011-03-04,31.950000762939453
2011-03-07,31.520000457763672
2011-03-08,32.09000015258789
2011-03-09,31.81999969482422
2011-03-10,31.18000030517578
2011-03-11,31.31999969482422
2011-03-14,31.209999084472656
2011-03-15,31.06999969482422
2011-03-16,30.649999618530273
2011-03-17,30.860000610351562
2011-03-18,30.93000030517578
2011-03-21,31.610000610351562
2011-03-22,31.350000381469727
2011-03-23,31.549999237060547
2011-03-24,31.989999771118164
2011-03-25,32.2599983215332
2011-03-28,32.20000076293945
2011-03-29,32.34000015258789
2011-03-30,32.779998779296875
2011-03-31,32.849998474121094
2011-04-01,33.0099983215332
2011-04-04,32.970001220703125
2011-04-05,33.13999938964844
2011-04-06,33.08000183105469
2011-04-07,33.02000045776367
2011-04-08,32.560001373291016
2011-04-11,32.38999938964844
2011-04-12,32.029998779296875
2011-04-13,32.20000076293945
2011-04-14,32.189998626708984
2011-04-15,32.43000030517578
2011-04-18,31.90999984741211
2011-04-19,32.15999984741211
2011-04-20,32.810001373291016
2011-04-21,33.119998931884766
2011-04-25,33.09000015258789
2011-04-26,33.380001068115234
2011-04-27,33.59000015258789
2011-04-28,33.59000015258789
2011-04-29,33.720001220703125
2011-05-02,33.47999954223633
2011-05-03,32.9900016784668
2011-05-04,32.84000015258789
2011-05-05,32.810001373291016
2011-05-06,32.83000183105469
2011-05-09,33.099998474121094
2011-05-10,33.529998779296875
2011-05-11,32.97999954223633
2011-05-12,33.25
2011-05-13,32.88999938964844
2011-05-16,32.45000076293945
2011-05-17,32.220001220703125
2011-05-18,32.7599983215332
2011-05-19,32.84000015258789
2011-05-20,32.720001220703125
2011-05-23,32.099998474121094
2011-05-24,32.08000183105469
2011-05-25,32.369998931884766
2011-05-26,32.66999816894531
2011-05-27,32.88999938964844
2011-05-31,33.16999816894531
2011-06-01,32.5
2011-06-02,32.34000015258789
2011-06-03,31.93000030517578
2011-06-06,31.420000076293945
2011-06-07,31.510000228881836
2011-06-08,31.09000015258789
2011-06-09,31.43000030517578
2011-06-10,30.889999389648438
2011-06-13,30.670000076293945
2011-06-14,31.399999618530273
2011-06-15,30.889999389648438
2011-06-16,30.719999313354492
2011-06-17,30.719999313354492
2011-06-20,30.959999084472656
2011-06-21,31.65999984741211
2011-06-22,31.790000915527344
2011-06-23,31.739999771118164
2011-06-24,31.34000015258789
2011-06-27,31.65999984741211
2011-06-28,32.2599983215332
2011-06-29,32.470001220703125
2011-06-30,32.779998779296875
2011-07-01,33.36000061035156
2011-07-05,33.439998626708984
2011-07-06,33.56999969482422
2011-07-07,34.09000015258789
2011-07-08,33.630001068115234
2011-07-11,33.0
2011-07-12,32.779998779296875
2011-07-13,32.9900016784668
2011-07-14,32.650001525878906
2011-07-15,32.77000045776367
2011-07-18,32.470001220703125
2011-07-19,33.189998626708984
2011-07-20,32.959999084472656
2011-07-21,33.290000915527344
2011-07-22,33.279998779296875
2011-07-25,33.040000915527344
2011-07-26,32.79999923706055
2011-07-27,31.790000915527344
2011-07-28,31.940000534057617
2011-07-29,31.59000015258789
2011-08-01,31.489999771118164
2011-08-02,30.389999389648438
2011-08-03,30.690000534057617
2011-08-04,29.0
2011-08-05,28.68000030517578
2011-08-08,26.68000030517578
2011-08-09,27.18000030517578
2011-08-10,27.1200008392334
2011-08-11,28.309999465942383
2011-08-12,28.68000030517578
2011-08-15,29.110000610351562
2011-08-16,28.809999465942383
2011-08-17,28.479999542236328
2011-08-18,26.889999389648438
2011-08-19,26.43000030517578
2011-08-22,26.459999084472656
2011-08-23,27.510000228881836
2011-08-24,28.059999465942383
2011-08-25,27.479999542236328
2011-08-26,28.229999542236328
2011-08-29,29.18000030517578
2011-08-30,29.520000457763672
2011-08-31,28.850000381469727
2011-09-01,29.030000686645508
2011-09-02,28.239999771118164
2011-09-06,28.030000686645508
2011-09-07,29.020000457763672
2011-09-08,28.68000030517578
2011-09-09,27.81999969482422
2011-09-12,27.540000915527344
2011-09-13,28.469999313354492
2011-09-14,29.139999389648438
2011-09-15,29.399999618530273
2011-09-16,29.399999618530273
2011-09-19,29.40999984741211
2011-09-20,29.06999969482422
2011-09-21,28.079999923706055
2011-09-22,27.100000381469727
2011-09-23,27.3700008392334
2011-09-26,27.90999984741211
2011-09-27,28.280000686645508
2011-09-28,27.56999969482422
2011-09-29,27.489999771118164
2011-09-30,26.729999542236328
2011-10-03,25.610000610351562
2011-10-04,25.90999984741211
2011-10-05,27.15999984741211
2011-10-06,27.8799991607666
2011-10-07,27.6200008392334
2011-10-10,28.299999237060547
2011-10-11,28.440000534057617
2011-10-12,28.700000762939453
2011-10-13,28.700000762939453
2011-10-14,29.110000610351562
2011-10-17,28.6299991607666
2011-10-18,29.110000610351562
2011-10-19,29.110000610351562
2011-10-20,28.760000228881836
2011-10-21,29.079999923706055
2011-10-24,29.950000762939453
2011-10-25,29.350000381469727
2011-10-26,29.6299991607666
2011-10-27,30.68000030517578
2011-10-28,30.520000457763672
2011-10-31,30.200000762939453
2011-11-01,29.299999237060547
2011-11-02,29.670000076293945
2011-11-03,30.149999618530273
2011-11-04,30.049999237060547
2011-11-07,30.139999389648438
2011-11-08,30.280000686645508
2011-11-09,29.360000610351562
2011-11-10,29.559999465942383
2011-11-11,30.200000762939453
2011-11-14,29.860000610351562
2011-11-15,30.280000686645508
2011-11-16,30.049999237060547
2011-11-17,29.25
2011-11-18,29.18000030517578
2011-11-21,28.729999542236328
2011-11-22,28.579999923706055
2011-11-23,28.010000228881836
2011-11-25,27.850000381469727
2011-11-28,28.6299991607666
2011-11-29,28.790000915527344
2011-11-30,29.940000534057617
2011-12-01,29.829999923706055
2011-12-02,29.799999237060547
2011-12-05,29.989999771118164
2011-12-06,30.15999984741211
2011-12-07,30.030000686645508
2011-12-08,29.469999313354492
2011-12-09,30.059999465942383
2011-12-12,29.690000534057617
2011-12-13,29.40999984741211
2011-12-14,28.899999618530273
2011-12-15,29.040000915527344
2011-12-16,29.25
2011-12-19,28.950000762939453
2011-12-20,29.790000915527344
2011-12-21,29.739999771118164
2011-12-22,29.829999923706055
2011-12-23,30.079999923706055
2011-12-27,30.219999313354492
2011-12-28,29.739999771118164
2011-12-29,30.079999923706055
2011-12-30,29.940000534057617
2012-01-03,30.18000030517578
2012-01-04,29.959999084472656
2012-01-05,30.079999923706055
2012-01-06,30.139999389648438
2012-01-09,30.149999618530273
2012-01-10,30.389999389648438
2012-01-11,30.43000030517578
2012-01-12,30.530000686645508
2012-01-13,30.40999984741211
2012-01-17,30.6299991607666
2012-01-18,30.780000686645508
2012-01-19,31.049999237060547
2012-01-20,30.829999923706055
2012-01-23,30.8799991607666
2012-01-24,30.940000534057617
2012-01-25,31.15999984741211
2012-01-26,31.110000610351562
2012-01-27,31.049999237060547
2012-01-30,31.010000228881836
2012-01-31,30.950000762939453
2012-02-01,31.3799991607666
2012-02-02,31.3700008392334
2012-02-03,31.860000610351562
2012-02-06,31.809999465942383
2012-02-07,31.850000381469727
2012-02-08,31.940000534057617
2012-02-09,32.040000915527344
2012-02-10,31.65999984741211
2012-02-13,32.0099983215332
2012-02-14,31.90999984741211
2012-02-15,31.770000457763672
2012-02-16,32.11000061035156
2012-02-17,32.150001525878906
2012-02-21,32.060001373291016
2012-02-22,32.060001373291016
2012-02-23,32.209999084472656
2012-02-24,32.209999084472656
2012-02-27,32.29999923706055
2012-02-28,32.2400016784668
2012-02-29,32.11000061035156
2012-03-01,32.2400016784668
2012-03-02,32.060001373291016
2012-03-05,31.969999313354492
2012-03-06,31.459999084472656
2012-03-07,31.799999237060547
2012-03-08,32.13999938964844
2012-03-09,32.45000076293945
2012-03-12,32.29999923706055
2012-03-13,32.619998931884766
2012-03-14,32.709999084472656
2012-03-15,32.900001525878906
2012-03-16,32.83000183105469
2012-03-19,32.9900016784668
2012-03-20,32.72999954223633
2012-03-21,32.72999954223633
2012-03-22,32.54999923706055
2012-03-23,32.720001220703125
2012-03-26,33.18000030517578
2012-03-27,33.130001068115234
2012-03-28,32.869998931884766
2012-03-29,32.880001068115234
2012-03-30,32.9900016784668
2012-04-02,32.9900016784668
2012-04-03,33.150001525878906
2012-04-04,33.150001525878906
2012-04-05,32.86000061035156
2012-04-09,32.439998626708984
2012-04-10,31.649999618530273
2012-04-11,32.08000183105469
2012-04-12,32.63999938964844
2012-04-13,32.279998779296875
2012-04-16,32.38999938964844
2012-04-17,32.79999923706055
2012-04-18,32.83000183105469
2012-04-19,32.61000061035156
2012-04-20,32.709999084472656
2012-04-23,32.189998626708984
2012-04-24,32.16999816894531
2012-04-25,32.83000183105469
2012-04-26,33.20000076293945
2012-04-27,33.5099983215332
2012-04-30,33.099998474121094
2012-05-01,33.29999923706055
2012-05-02,33.290000915527344
2012-05-03,33.0
2012-05-04,32.34000015258789
2012-05-07,32.33000183105469
2012-05-08,32.040000915527344
2012-05-09,31.84000015258789
2012-05-10,31.940000534057617
2012-05-11,31.969999313354492
2012-05-14,31.510000228881836
2012-05-15,31.709999084472656
2012-05-16,31.229999542236328
2012-05-17,30.3799991607666
2012-05-18,30.079999923706055
2012-05-21,30.780000686645508
2012-05-22,30.93000030517578
2012-05-23,31.1299991607666
2012-05-24,31.059999465942383
2012-05-25,31.100000381469727
2012-05-29,31.440000534057617
2012-05-30,31.040000915527344
2012-05-31,30.979999542236328
2012-06-01,29.780000686645508
2012-06-04,29.510000228881836
2012-06-05,29.90999984741211
2012-06-06,30.549999237060547
2012-06-07,30.610000610351562
2012-06-08,30.829999923706055
2012-06-11,30.649999618530273
2012-06-12,30.6299991607666
2012-06-13,30.579999923706055
2012-06-14,30.479999542236328
2012-06-15,30.93000030517578
2012-06-18,30.959999084472656
2012-06-19,31.610000610351562
2012-06-20,31.450000762939453
2012-06-21,30.5
2012-06-22,30.75
2012-06-25,30.1299991607666
2012-06-26,30.25
2012-06-27,30.329999923706055
2012-06-28,29.8799991607666
2012-06-29,31.200000762939453
2012-07-02,31.219999313354492
2012-07-03,31.670000076293945
2012-07-05,31.780000686645508
2012-07-06,31.229999542236328
2012-07-09,31.190000534057617
2012-07-10,30.8799991607666
2012-07-11,30.65999984741211
2012-07-12,30.75
2012-07-13,31.079999923706055
2012-07-16,30.940000534057617
2012-07-17,30.889999389648438
2012-07-18,31.299999237060547
2012-07-19,31.399999618530273
2012-07-20,31.010000228881836
2012-07-23,30.690000534057617
2012-07-24,30.280000686645508
2012-07-25,30.350000381469727
2012-07-26,30.709999084472656
2012-07-27,31.5
2012-07-30,31.3799991607666
2012-07-31,31.260000228881836
2012-08-01,30.899999618530273
2012-08-02,30.780000686645508
2012-08-03,31.40999984741211
2012-08-06,31.399999618530273
2012-08-07,31.700000762939453
2012-08-08,31.520000457763672
2012-08-09,31.6299991607666
2012-08-10,31.549999237060547
2012-08-13,31.5
2012-08-14,31.520000457763672
2012-08-15,31.690000534057617
2012-08-16,31.899999618530273
2012-08-17,32.119998931884766
2012-08-20,31.889999389648438
2012-08-21,31.8700008392334
2012-08-22,31.780000686645508
2012-08-23,31.75
2012-08-24,31.889999389648438
2012-08-27,31.8799991607666
2012-08-28,31.940000534057617
2012-08-29,32.0099983215332
2012-08-30,32.0099983215332
2012-08-31,31.84000015258789
2012-09-04,32.119998931884766
2012-09-05,32.060001373291016
2012-09-06,32.630001068115234
2012-09-07,32.65999984741211
2012-09-10,32.560001373291016
2012-09-11,32.599998474121094
2012-09-12,32.630001068115234
2012-09-13,32.97999954223633
2012-09-14,33.040000915527344
2012-09-17,32.88999938964844
2012-09-18,32.81999969482422
2012-09-19,33.0099983215332
2012-09-20,32.790000915527344
2012-09-21,32.959999084472656
2012-09-24,32.81999969482422
2012-09-25,32.439998626708984
2012-09-26,32.290000915527344
2012-09-27,32.65999984741211
2012-09-28,32.52000045776367
2012-10-01,32.5
2012-10-02,32.560001373291016
2012-10-03,32.75
2012-10-04,32.84000015258789
2012-10-05,32.900001525878906
2012-10-08,32.72999954223633
2012-10-09,32.349998474121094
2012-10-10,32.15999984741211
2012-10-11,32.33000183105469
2012-10-12,31.989999771118164
2012-10-15,32.290000915527344
2012-10-16,32.61000061035156
2012-10-17,32.810001373291016
2012-10-18,32.66999816894531
2012-10-19,32.099998474121094
2012-10-22,32.0
2012-10-23,31.790000915527344
2012-10-24,31.809999465942383
2012-10-25,31.770000457763672
2012-10-26,31.8799991607666
2012-10-31,31.920000076293945
2012-11-01,32.43000030517578
2012-11-02,32.18000030517578
2012-11-05,32.18000030517578
2012-11-06,32.470001220703125
2012-11-07,31.889999389648438
2012-11-08,31.510000228881836
2012-11-09,31.40999984741211
2012-11-12,31.520000457763672
2012-11-13,31.579999923706055
2012-11-14,30.90999984741211
2012-11-15,30.739999771118164
2012-11-16,31.1200008392334
2012-11-19,31.559999465942383
2012-11-20,31.75
2012-11-21,31.84000015258789
2012-11-23,32.13999938964844
2012-11-26,32.13999938964844
2012-11-27,32.189998626708984
2012-11-28,32.20000076293945
2012-11-29,32.470001220703125
2012-11-30,32.36000061035156
2012-12-03,32.33000183105469
2012-12-04,32.38999938964844
2012-12-05,32.290000915527344
2012-12-06,32.400001525878906
2012-12-07,32.40999984741211
2012-12-10,32.470001220703125
2012-12-11,32.66999816894531
2012-12-12,32.650001525878906
2012-12-13,32.279998779296875
2012-12-14,32.22999954223633
2012-12-17,32.630001068115234
2012-12-18,33.06999969482422
2012-12-19,33.0099983215332
2012-12-20,33.18000030517578
2012-12-21,32.77000045776367
2012-12-24,32.720001220703125
2012-12-26,32.36000061035156
2012-12-27,32.45000076293945
2012-12-28,32.279998779296875
2012-12-31,32.72999954223633
2013-01-02,33.349998474121094
2013-01-03,33.40999984741211
2013-01-04,33.720001220703125
2013-01-07,33.56999969482422
2013-01-08,33.5099983215332
2013-01-09,33.790000915527344
2013-01-10,33.81999969482422
2013-01-11,33.790000915527344
2013-01-14,33.7599983215332
2013-01-15,33.97999954223633
2013-01-16,33.90999984741211
2013-01-17,34.25
2013-01-18,34.27000045776367
2013-01-22,34.560001373291016
2013-01-23,34.540000915527344
2013-01-24,34.88999938964844
2013-01-25,35.119998931884766
2013-01-28,35.04999923706055
2013-01-29,35.08000183105469
2013-01-30,34.939998626708984
2013-01-31,34.880001068115234
2013-02-01,35.25
2013-02-04,34.79999923706055
2013-02-05,35.18000030517578
2013-02-06,35.279998779296875
2013-02-07,35.029998779296875
2013-02-08,35.380001068115234
2013-02-11,35.279998779296875
2013-02-12,35.529998779296875
2013-02-13,35.630001068115234
2013-02-14,35.77000045776367
2013-02-15,35.77000045776367
2013-02-19,35.91999816894531
2013-02-20,35.38999938964844
2013-02-21,34.83000183105469
2013-02-22,35.029998779296875
2013-02-25,35.029998779296875
2013-02-26,34.709999084472656
2013-02-27,35.41999816894531
2013-02-28,35.38999938964844
2013-03-01,35.34000015258789
2013-03-04,35.54999923706055
2013-03-05,36.13999938964844
2013-03-06,36.15999984741211
2013-03-07,36.290000915527344
2013-03-08,36.400001525878906
2013-03-11,36.540000915527344
2013-03-12,36.40999984741211
2013-03-13,36.65999984741211
2013-03-14,36.84000015258789
2013-03-15,36.75
2013-03-18,36.58000183105469
2013-03-19,36.47999954223633
2013-03-20,36.849998474121094
2013-03-21,36.52000045776367
2013-03-22,36.560001373291016
2013-03-25,36.36000061035156
2013-03-26,36.58000183105469
2013-03-27,36.72999954223633
2013-03-28,36.900001525878906
2013-04-01,36.52000045776367
2013-04-02,36.43000030517578
2013-04-03,35.70000076293945
2013-04-04,35.900001525878906
2013-04-05,35.86000061035156
2013-04-08,36.16999816894531
2013-04-09,36.31999969482422
2013-04-10,36.709999084472656
2013-04-11,36.810001373291016
2013-04-12,36.70000076293945
2013-04-15,35.630001068115234
2013-04-16,36.029998779296875
2013-04-17,35.4900016784668
2013-04-18,35.33000183105469
2013-04-19,35.7400016784668
2013-04-22,36.02000045776367
2013-04-23,36.470001220703125
2013-04-24,36.560001373291016
2013-04-25,36.880001068115234
2013-04-26,36.619998931884766
2013-04-29,36.619998931884766
2013-04-30,36.83000183105469
2013-05-01,36.43000030517578
2013-05-02,36.93000030517578
2013-05-03,37.5
2013-05-06,37.619998931884766
2013-05-07,37.88999938964844
2013-05-08,37.900001525878906
2013-05-09,37.959999084472656
2013-05-10,38.25
2013-05-13,38.220001220703125
2013-05-14,38.720001220703125
2013-05-15,38.93000030517578
2013-05-16,38.63999938964844
2013-05-17,39.08000183105469
2013-05-20,39.099998474121094
2013-05-21,39.18000030517578
2013-05-22,38.41999816894531
2013-05-23,38.4900016784668
2013-05-24,38.369998931884766
2013-05-28,38.779998779296875
2013-05-29,38.31999969482422
2013-05-30,38.5099983215332
2013-05-31,38.349998474121094
2013-06-03,37.959999084472656
2013-06-04,37.810001373291016
2013-06-05,37.290000915527344
2013-06-06,37.61000061035156
2013-06-07,38.150001525878906
2013-06-10,38.150001525878906
2013-06-11,37.790000915527344
2013-06-12,37.400001525878906
2013-06-13,37.959999084472656
2013-06-14,38.0
2013-06-17,38.189998626708984
2013-06-18,38.65999984741211
2013-06-19,38.31999969482422
2013-06-20,37.08000183105469
2013-06-21,36.959999084472656
2013-06-24,36.52000045776367
2013-06-25,36.869998931884766
2013-06-26,37.209999084472656
2013-06-27,37.70000076293945
2013-06-28,37.720001220703125
2013-07-01,37.84000015258789
2013-07-02,37.7400016784668
2013-07-03,37.79999923706055
2013-07-05,38.18000030517578
2013-07-08,38.380001068115234
2013-07-09,38.61000061035156
2013-07-10,38.65999984741211
2013-07-11,39.22999954223633
2013-07-12,39.279998779296875
2013-07-15,39.369998931884766
2013-07-16,39.119998931884766
2013-07-17,39.209999084472656
2013-07-18,39.540000915527344
2013-07-19,39.58000183105469
2013-07-22,39.59000015258789
2013-07-23,39.529998779296875
2013-07-24,39.290000915527344
2013-07-25,39.56999969482422
2013-07-26,39.36000061035156
2013-07-29,39.27000045776367
2013-07-30,39.33000183105469
2013-07-31,39.83000183105469
2013-08-01,40.380001068115234
2013-08-02,40.400001525878906
2013-08-05,40.43000030517578
2013-08-06,40.06999969482422
2013-08-07,39.81999969482422
2013-08-08,40.08000183105469
2013-08-09,40.029998779296875
2013-08-12,40.0099983215332
2013-08-13,40.209999084472656
2013-08-14,39.95000076293945
2013-08-15,39.119998931884766
2013-08-16,39.029998779296875
2013-08-19,38.83000183105469
2013-08-20,39.2400016784668
2013-08-21,38.959999084472656
2013-08-22,39.5
2013-08-23,39.540000915527344
2013-08-26,39.70000076293945
2013-08-27,38.66999816894531
2013-08-28,38.7400016784668
2013-08-29,39.029998779296875
2013-08-30,38.689998626708984
2013-09-03,38.880001068115234
2013-09-04,39.279998779296875
2013-09-05,39.52000045776367
2013-09-06,39.439998626708984
2013-09-09,39.939998626708984
2013-09-10,40.31999969482422
2013-09-11,40.27000045776367
2013-09-12,40.33000183105469
2013-09-13,40.439998626708984
2013-09-16,40.599998474121094
2013-09-17,40.9900016784668
2013-09-18,41.36000061035156
2013-09-19,41.2400016784668
2013-09-20,41.04999923706055
2013-09-23,40.75
2013-09-24,40.88999938964844
2013-09-25,40.900001525878906
2013-09-26,41.029998779296875
2013-09-27,41.02000045776367
2013-09-30,40.959999084472656
2013-10-01,41.540000915527344
2013-10-02,41.310001373291016
2013-10-03,41.0099983215332
2013-10-04,41.40999984741211
2013-10-07,40.90999984741211
2013-10-08,40.099998474121094
2013-10-09,40.15999984741211
2013-10-10,40.95000076293945
2013-10-11,41.25
2013-10-14,41.560001373291016
2013-10-15,41.22999954223633
2013-10-16,41.63999938964844
2013-10-17,41.97999954223633
2013-10-18,42.290000915527344
2013-10-21,42.349998474121094
2013-10-22,42.630001068115234
2013-10-23,42.27000045776367
2013-10-24,42.54999923706055
2013-10-25,42.619998931884766
2013-10-28,42.61000061035156
2013-10-29,42.79999923706055
2013-10-30,42.52000045776367
2013-10-31,42.66999816894531
2013-11-01,42.29999923706055
2013-11-04,42.810001373291016
2013-11-05,42.63999938964844
2013-11-06,42.59000015258789
2013-11-07,41.84000015258789
2013-11-08,42.400001525878906
2013-11-11,42.66999816894531
2013-11-12,42.70000076293945
2013-11-13,43.16999816894531
2013-11-14,43.38999938964844
2013-11-15,43.540000915527344
2013-11-18,43.08000183105469
2013-11-19,42.79999923706055
2013-11-20,42.63999938964844
2013-11-21,43.380001068115234
2013-11-22,43.529998779296875
2013-11-25,43.439998626708984
2013-11-26,43.790000915527344
2013-11-27,43.869998931884766
2013-11-29,43.869998931884766
2013-12-02,43.5
2013-12-03,43.220001220703125
2013-12-04,43.220001220703125
2013-12-05,43.22999954223633
2013-12-06,43.7400016784668
2013-12-09,43.560001373291016
2013-12-10,43.650001525878906
2013-12-11,42.79999923706055
2013-12-12,42.970001220703125
2013-12-13,43.06999969482422
2013-12-16,43.58000183105469
2013-12-17,43.45000076293945
2013-12-18,43.75
2013-12-19,43.9900016784668
2013-12-20,44.540000915527344
2013-12-23,44.65999984741211
2013-12-24,44.900001525878906
2013-12-26,45.09000015258789
2013-12-27,44.81999969482422
2013-12-30,45.119998931884766
2013-12-31,45.150001525878906
2014-01-02,44.81999969482422
2014-01-03,44.790000915527344
2014-01-06,44.400001525878906
2014-01-07,44.79999923706055
2014-01-08,44.86000061035156
2014-01-09,45.04999923706055
2014-01-10,45.220001220703125
2014-01-13,44.43000030517578
2014-01-14,45.119998931884766
2014-01-15,45.25
2014-01-16,45.150001525878906
2014-01-17,44.93000030517578
2014-01-21,45.040000915527344
2014-01-22,45.380001068115234
2014-01-23,44.79999923706055
2014-01-24,43.58000183105469
2014-01-27,43.31999969482422
2014-01-28,43.619998931884766
2014-01-29,43.04999923706055
2014-01-30,43.93000030517578
2014-01-31,43.810001373291016
2014-02-03,42.06999969482422
2014-02-04,42.63999938964844
2014-02-05,42.5
2014-02-06,42.93000030517578
2014-02-07,43.59000015258789
2014-02-10,43.529998779296875
2014-02-11,43.9900016784668
2014-02-12,44.16999816894531
2014-02-13,44.68000030517578
2014-02-14,44.68000030517578
2014-02-18,45.11000061035156
2014-02-19,44.900001525878906
2014-02-20,45.310001373291016
2014-02-21,45.43000030517578
2014-02-24,45.79999923706055
2014-02-25,45.630001068115234
2014-02-26,45.72999954223633
2014-02-27,45.95000076293945
2014-02-28,45.77000045776367
2014-03-03,45.72999954223633
2014-03-04,46.7599983215332
2014-03-05,46.70000076293945
2014-03-06,46.810001373291016
2014-03-07,46.779998779296875
2014-03-10,46.56999969482422
2014-03-11,46.22999954223633
2014-03-12,46.27000045776367
2014-03-13,45.650001525878906
2014-03-14,45.560001373291016
2014-03-17,46.08000183105469
2014-03-18,46.5099983215332
2014-03-19,46.06999969482422
2014-03-20,46.349998474121094
2014-03-21,46.09000015258789
2014-03-24,45.56999969482422
2014-03-25,45.52000045776367
2014-03-26,45.0099983215332
2014-03-27,44.68000030517578
2014-03-28,44.95000076293945
2014-03-31,45.529998779296875
2014-04-01,46.220001220703125
2014-04-02,46.34000015258789
2014-04-03,45.9900016784668
2014-04-04,45.16999816894531
2014-04-07,44.16999816894531
2014-04-08,44.290000915527344
2014-04-09,44.93000030517578
2014-04-10,43.79999923706055
2014-04-11,43.209999084472656
2014-04-14,43.2400016784668
2014-04-15,43.689998626708984
2014-04-16,44.279998779296875
2014-04-17,44.52000045776367
2014-04-21,44.599998474121094
2014-04-22,45.119998931884766
2014-04-23,44.79999923706055
2014-04-24,44.790000915527344
2014-04-25,43.959999084472656
2014-04-28,43.7400016784668
2014-04-29,44.130001068115234
2014-04-30,44.40999984741211
2014-05-01,44.34000015258789
2014-05-02,44.54999923706055
2014-05-05,44.68000030517578
2014-05-06,44.13999938964844
2014-05-07,43.939998626708984
2014-05-08,43.970001220703125
2014-05-09,44.130001068115234
2014-05-12,44.9900016784668
2014-05-13,44.70000076293945
2014-05-14,44.279998779296875
2014-05-15,43.7599983215332
2014-05-16,43.970001220703125
2014-05-19,44.36000061035156
2014-05-20,44.0099983215332
2014-05-21,44.209999084472656
2014-05-22,44.689998626708984
2014-05-23,44.90999984741211
2014-05-27,45.33000183105469
2014-05-28,45.220001220703125
2014-05-29,45.43000030517578
2014-05-30,45.29999923706055
2014-06-02,45.380001068115234
2014-06-03,45.459999084472656
2014-06-04,45.619998931884766
2014-06-05,46.119998931884766
2014-06-06,46.41999816894531
2014-06-09,46.560001373291016
2014-06-10,46.38999938964844
2014-06-11,46.25
2014-06-12,45.88999938964844
2014-06-13,45.95000076293945
2014-06-16,46.22999954223633
2014-06-17,46.560001373291016
2014-06-18,46.619998931884766
2014-06-19,46.63999938964844
2014-06-20,47.040000915527344
2014-06-23,46.900001525878906
2014-06-24,46.52000045776367
2014-06-25,46.900001525878906
2014-06-26,46.75
2014-06-27,46.88999938964844
2014-06-30,47.02000045776367
2014-07-01,47.65999984741211
2014-07-02,47.43000030517578
2014-07-03,47.7400016784668
2014-07-07,47.130001068115234
2014-07-08,46.75
2014-07-09,46.83000183105469
2014-07-10,46.689998626708984
2014-07-11,46.630001068115234
2014-07-14,46.75
2014-07-15,46.529998779296875
2014-07-16,46.650001525878906
2014-07-17,46.0
2014-07-18,46.529998779296875
2014-07-21,46.47999954223633
2014-07-22,46.75
2014-07-23,46.75
2014-07-24,46.7400016784668
2014-07-25,46.54999923706055
2014-07-28,46.36000061035156
2014-07-29,46.290000915527344
2014-07-30,46.34000015258789
2014-07-31,45.400001525878906
2014-08-01,45.189998626708984
2014-08-04,45.66999816894531
2014-08-05,45.25
2014-08-06,45.22999954223633
2014-08-07,45.0099983215332
2014-08-08,45.540000915527344
2014-08-11,45.79999923706055
2014-08-12,45.4900016784668
2014-08-13,45.959999084472656
2014-08-14,46.04999923706055
2014-08-15,45.90999984741211
2014-08-18,46.65999984741211
2014-08-19,46.869998931884766
2014-08-20,46.880001068115234
2014-08-21,46.90999984741211
2014-08-22,46.91999816894531
2014-08-25,47.16999816894531
2014-08-26,47.29999923706055
2014-08-27,47.20000076293945
2014-08-28,47.08000183105469
2014-08-29,47.29999923706055
2014-09-02,47.380001068115234
2014-09-03,47.36000061035156
2014-09-04,47.119998931884766
2014-09-05,47.310001373291016
2014-09-08,47.290000915527344
2014-09-09,46.90999984741211
2014-09-10,47.029998779296875
2014-09-11,47.15999984741211
2014-09-12,46.810001373291016
2014-09-15,46.540000915527344
2014-09-16,46.880001068115234
2014-09-17,47.0
2014-09-18,47.08000183105469
2014-09-19,46.79999923706055
2014-09-22,46.290000915527344
2014-09-23,46.06999969482422
2014-09-24,46.349998474121094
2014-09-25,45.689998626708984
2014-09-26,46.08000183105469
2014-09-29,45.88999938964844
2014-09-30,45.5099983215332
2014-10-01,44.7599983215332
2014-10-02,44.79999923706055
2014-10-03,45.2599983215332
2014-10-06,45.09000015258789
2014-10-07,44.310001373291016
2014-10-08,44.77000045776367
2014-10-09,44.099998474121094
2014-10-10,43.29999923706055
2014-10-13,42.41999816894531
2014-10-14,42.81999969482422
2014-10-15,42.709999084472656
2014-10-16,43.0099983215332
2014-10-17,43.470001220703125
2014-10-20,43.83000183105469
2014-10-21,44.93000030517578
2014-10-22,44.709999084472656
2014-10-23,45.2400016784668
2014-10-24,45.47999954223633
2014-10-27,45.560001373291016
2014-10-28,46.13999938964844
2014-10-29,46.16999816894531
2014-10-30,46.38999938964844
2014-10-31,47.09000015258789
2014-11-03,47.06999969482422
2014-11-04,47.08000183105469
2014-11-05,47.150001525878906
2014-11-06,47.470001220703125
2014-11-07,47.2400016784668
2014-11-10,47.54999923706055
2014-11-11,47.7400016784668
2014-11-12,47.880001068115234
2014-11-13,47.689998626708984
2014-11-14,47.63999938964844
2014-11-17,47.630001068115234
2014-11-18,47.880001068115234
2014-11-19,47.54999923706055
2014-11-20,47.79999923706055
2014-11-21,47.9900016784668
2014-11-24,48.41999816894531
2014-11-25,48.439998626708984
2014-11-26,48.58000183105469
2014-11-28,48.599998474121094
2014-12-01,47.77000045776367
2014-12-02,48.18000030517578
2014-12-03,48.529998779296875
2014-12-04,48.380001068115234
2014-12-05,48.540000915527344
2014-12-08,48.25
2014-12-09,48.43000030517578
2014-12-10,47.720001220703125
2014-12-11,48.119998931884766
2014-12-12,47.27000045776367
2014-12-15,47.08000183105469
2014-12-16,46.7400016784668
2014-12-17,47.68000030517578
2014-12-18,48.369998931884766
2014-12-19,48.83000183105469
2014-12-22,48.9900016784668
2014-12-23,49.02000045776367
2014-12-24,49.11000061035156
2014-12-26,49.36000061035156
2014-12-29,49.349998474121094
2014-12-30,49.06999969482422
2014-12-31,48.84000015258789
2015-01-02,48.5099983215332
2015-01-05,47.70000076293945
2015-01-06,47.22999954223633
2015-01-07,47.84000015258789
2015-01-08,48.689998626708984
2015-01-09,48.41999816894531
2015-01-12,48.2599983215332
2015-01-13,47.90999984741211
2015-01-14,48.060001373291016
2015-01-15,47.54999923706055
2015-01-16,48.02000045776367
2015-01-20,48.2400016784668
2015-01-21,48.18000030517578
2015-01-22,48.97999954223633
2015-01-23,49.029998779296875
2015-01-26,49.099998474121094
2015-01-27,48.900001525878906
2015-01-28,48.439998626708984
2015-01-29,49.02000045776367
2015-01-30,48.130001068115234
2015-02-02,48.209999084472656
2015-02-03,48.91999816894531
2015-02-04,48.900001525878906
2015-02-05,49.43000030517578
2015-02-06,49.060001373291016
2015-02-09,48.75
2015-02-10,49.2400016784668
2015-02-11,49.36000061035156
2015-02-12,49.869998931884766
2015-02-13,49.90999984741211
2015-02-17,49.959999084472656
2015-02-18,50.22999954223633
2015-02-19,50.16999816894531
2015-02-20,50.470001220703125
2015-02-23,50.59000015258789
2015-02-24,50.59000015258789
2015-02-25,50.58000183105469
2015-02-26,50.52000045776367
2015-02-27,50.540000915527344
2015-03-02,50.880001068115234
2015-03-03,50.54999923706055
2015-03-04,50.380001068115234
2015-03-05,50.58000183105469
2015-03-06,49.689998626708984
2015-03-09,50.06999969482422
2015-03-10,49.54999923706055
2015-03-11,49.54999923706055
2015-03-12,50.25
2015-03-13,50.25
2015-03-16,50.880001068115234
2015-03-17,50.7599983215332
2015-03-18,51.43000030517578
2015-03-19,51.540000915527344
2015-03-20,51.900001525878906
2015-03-23,52.04999923706055
2015-03-24,51.779998779296875
2015-03-25,50.599998474121094
2015-03-26,50.439998626708984
2015-03-27,50.880001068115234
2015-03-30,51.45000076293945
2015-03-31,51.209999084472656
2015-04-01,50.869998931884766
2015-04-02,51.09000015258789
2015-04-06,51.34000015258789
2015-04-07,51.02000045776367
2015-04-08,51.31999969482422
2015-04-09,51.040000915527344
2015-04-10,51.439998626708984
2015-04-13,51.2599983215332
2015-04-14,51.119998931884766
2015-04-15,51.16999816894531
2015-04-16,51.20000076293945
2015-04-17,50.439998626708984
2015-04-20,51.02000045776367
2015-04-21,51.189998626708984
2015-04-22,51.29999923706055
2015-04-23,51.52000045776367
2015-04-24,51.380001068115234
2015-04-27,50.75
2015-04-28,50.72999954223633
2015-04-29,50.27000045776367
2015-04-30,49.38999938964844
2015-05-01,50.189998626708984
2015-05-04,50.369998931884766
2015-05-05,49.59000015258789
2015-05-06,49.40999984741211
2015-05-07,50.150001525878906
2015-05-08,50.54999923706055
2015-05-11,50.59000015258789
2015-05-12,50.310001373291016
2015-05-13,50.220001220703125
2015-05-14,50.790000915527344
2015-05-15,50.869998931884766
2015-05-18,51.15999984741211
2015-05-19,51.5
2015-05-20,51.349998474121094
2015-05-21,51.279998779296875
2015-05-22,51.2400016784668
2015-05-26,50.7599983215332
2015-05-27,51.25
2015-05-28,51.22999954223633
2015-05-29,51.02000045776367
2015-06-01,51.220001220703125
2015-06-02,51.09000015258789
2015-06-03,51.41999816894531
2015-06-04,50.95000076293945
2015-06-05,51.119998931884766
2015-06-08,50.779998779296875
2015-06-09,50.619998931884766
2015-06-10,51.22999954223633
2015-06-11,51.31999969482422
2015-06-12,51.25
2015-06-15,51.08000183105469
2015-06-16,51.43000030517578
2015-06-17,51.5
2015-06-18,52.150001525878906
2015-06-19,52.150001525878906
2015-06-22,52.36000061035156
2015-06-23,52.43000030517578
2015-06-24,51.90999984741211
2015-06-25,52.04999923706055
2015-06-26,52.04999923706055
2015-06-29,50.7400016784668
2015-06-30,51.040000915527344
2015-07-01,51.400001525878906
2015-07-02,51.22999954223633
2015-07-06,51.09000015258789
2015-07-07,51.439998626708984
2015-07-08,50.63999938964844
2015-07-09,50.869998931884766
2015-07-10,51.599998474121094
2015-07-13,52.09000015258789
2015-07-14,52.380001068115234
2015-07-15,52.11000061035156
2015-07-16,52.5
2015-07-17,52.290000915527344
2015-07-20,52.369998931884766
2015-07-21,52.220001220703125
2015-07-22,52.400001525878906
2015-07-23,52.08000183105469
2015-07-24,51.540000915527344
2015-07-27,51.0
2015-07-28,51.54999923706055
2015-07-29,51.970001220703125
2015-07-30,52.119998931884766
2015-07-31,52.209999084472656
2015-08-03,52.06999969482422
2015-08-04,52.11000061035156
2015-08-05,52.43000030517578
2015-08-06,51.59000015258789
2015-08-07,51.4900016784668
2015-08-10,52.11000061035156
2015-08-11,51.599998474121094
2015-08-12,51.540000915527344
2015-08-13,51.56999969482422
2015-08-14,51.90999984741211
2015-08-17,52.290000915527344
2015-08-18,52.099998474121094
2015-08-19,51.91999816894531
2015-08-20,50.400001525878906
2015-08-21,49.13999938964844
2015-08-24,47.16999816894531
2015-08-25,47.06999969482422
2015-08-26,48.5
2015-08-27,49.16999816894531
2015-08-28,49.599998474121094
2015-08-31,49.220001220703125
2015-09-01,47.54999923706055
2015-09-02,48.540000915527344
2015-09-03,48.79999923706055
2015-09-04,48.43000030517578
2015-09-08,49.47999954223633
2015-09-09,48.88999938964844
2015-09-10,49.04999923706055
2015-09-11,49.36000061035156
2015-09-14,49.290000915527344
2015-09-15,49.7400016784668
2015-09-16,50.16999816894531
2015-09-17,50.33000183105469
2015-09-18,49.439998626708984
2015-09-21,49.63999938964844
2015-09-22,48.959999084472656
2015-09-23,48.900001525878906
2015-09-24,48.540000915527344
2015-09-25,48.529998779296875
2015-09-28,46.880001068115234
2015-09-29,46.34000015258789
2015-09-30,47.34000015258789
2015-10-01,47.25
2015-10-02,47.959999084472656
2015-10-05,48.83000183105469
2015-10-06,48.16999816894531
2015-10-07,48.720001220703125
2015-10-08,49.130001068115234
2015-10-09,49.27000045776367
2015-10-12,49.529998779296875
2015-10-13,49.130001068115234
2015-10-14,48.54999923706055
2015-10-15,49.130001068115234
2015-10-16,49.5099983215332
2015-10-19,49.790000915527344
2015-10-20,49.75
2015-10-21,49.380001068115234
2015-10-22,49.650001525878906
2015-10-23,49.939998626708984
2015-10-26,50.099998474121094
2015-10-27,49.849998474121094
2015-10-28,50.529998779296875
2015-10-29,50.349998474121094
2015-10-30,50.279998779296875
2015-11-02,50.77000045776367
2015-11-03,50.619998931884766
2015-11-04,50.47999954223633
2015-11-05,50.7599983215332
2015-11-06,50.720001220703125
2015-11-09,50.189998626708984
2015-11-10,50.40999984741211
2015-11-11,50.33000183105469
2015-11-12,49.41999816894531
2015-11-13,48.900001525878906
2015-11-16,49.47999954223633
2015-11-17,49.470001220703125
2015-11-18,50.04999923706055
2015-11-19,49.970001220703125
2015-11-20,50.33000183105469
2015-11-23,50.54999923706055
2015-11-24,50.5
2015-11-25,50.91999816894531
2015-11-27,51.040000915527344
2015-11-30,50.70000076293945
2015-12-01,51.060001373291016
2015-12-02,50.81999969482422
2015-12-03,49.91999816894531
2015-12-04,50.880001068115234
2015-12-07,50.4900016784668
2015-12-08,50.470001220703125
2015-12-09,49.790000915527344
2015-12-10,49.84000015258789
2015-12-11,49.060001373291016
2015-12-14,49.06999969482422
2015-12-15,49.619998931884766
2015-12-16,50.349998474121094
2015-12-17,49.84000015258789
2015-12-18,49.040000915527344
2015-12-21,49.08000183105469
2015-12-22,49.599998474121094
2015-12-23,49.810001373291016
2015-12-24,49.95000076293945
2015-12-28,49.959999084472656
2015-12-29,50.36000061035156
2015-12-30,50.13999938964844
2015-12-31,49.720001220703125
2016-01-04,48.40999984741211
2016-01-05,48.7400016784668
2016-01-06,48.06999969482422
2016-01-07,47.189998626708984
2016-01-08,46.459999084472656
2016-01-11,46.529998779296875
2016-01-12,46.95000076293945
2016-01-13,45.540000915527344
2016-01-14,46.2400016784668
2016-01-15,45.43000030517578
2016-01-19,45.560001373291016
2016-01-20,45.380001068115234
2016-01-21,45.189998626708984
2016-01-22,45.95000076293945
2016-01-25,45.380001068115234
2016-01-26,46.0
2016-01-27,45.2599983215332
2016-01-28,45.25
2016-01-29,46.54999923706055
2016-02-01,46.630001068115234
2016-02-02,45.7599983215332
2016-02-03,45.54999923706055
2016-02-04,45.560001373291016
2016-02-05,44.34000015258789
2016-02-08,43.529998779296875
2016-02-09,43.619998931884766
2016-02-10,43.79999923706055
2016-02-11,43.52000045776367
2016-02-12,44.060001373291016
2016-02-16,44.9900016784668
2016-02-17,45.529998779296875
2016-02-18,45.33000183105469
2016-02-19,45.650001525878906
2016-02-22,46.150001525878906
2016-02-23,45.900001525878906
2016-02-24,46.2599983215332
2016-02-25,46.70000076293945
2016-02-26,46.790000915527344
2016-02-29,46.540000915527344
2016-03-01,47.43000030517578
2016-03-02,47.4900016784668
2016-03-03,47.779998779296875
2016-03-04,47.7400016784668
2016-03-07,47.66999816894531
2016-03-08,47.279998779296875
2016-03-09,47.47999954223633
2016-03-10,47.0
2016-03-11,48.189998626708984
2016-03-14,48.09000015258789
2016-03-15,47.880001068115234
2016-03-16,48.22999954223633
2016-03-17,48.45000076293945
2016-03-18,48.810001373291016
2016-03-21,48.56999969482422
2016-03-22,48.63999938964844
2016-03-23,48.380001068115234
2016-03-24,48.27000045776367
2016-03-28,48.47999954223633
2016-03-29,49.349998474121094
2016-03-30,49.5099983215332
2016-03-31,49.52000045776367
2016-04-01,49.849998474121094
2016-04-04,49.5099983215332
2016-04-05,49.20000076293945
2016-04-06,49.54999923706055
2016-04-07,48.959999084472656
2016-04-08,49.11000061035156
2016-04-11,49.150001525878906
2016-04-12,49.130001068115234
2016-04-13,49.63999938964844
2016-04-14,49.63999938964844
2016-04-15,49.7599983215332
2016-04-18,50.02000045776367
2016-04-19,50.0
2016-04-20,49.95000076293945
2016-04-21,49.459999084472656
2016-04-22,49.650001525878906
2016-04-25,49.599998474121094
2016-04-26,49.83000183105469
2016-04-27,50.25
2016-04-28,49.599998474121094
2016-04-29,49.29999923706055
2016-05-02,49.75
2016-05-03,49.279998779296875
2016-05-04,49.22999954223633
2016-05-05,49.16999816894531
2016-05-06,49.349998474121094
2016-05-09,49.72999954223633
2016-05-10,50.130001068115234
2016-05-11,49.7400016784668
2016-05-12,49.83000183105469
2016-05-13,49.27000045776367
2016-05-16,49.939998626708984
2016-05-17,48.970001220703125
2016-05-18,49.04999923706055
2016-05-19,48.83000183105469
2016-05-20,49.150001525878906
2016-05-23,49.209999084472656
2016-05-24,50.08000183105469
2016-05-25,50.189998626708984
2016-05-26,50.16999816894531
2016-05-27,50.459999084472656
2016-05-31,50.56999969482422
2016-06-01,50.79999923706055
2016-06-02,50.86000061035156
2016-06-03,50.779998779296875
2016-06-06,50.849998474121094
2016-06-07,51.02000045776367
2016-06-08,51.400001525878906
2016-06-09,51.2599983215332
2016-06-10,50.790000915527344
2016-06-13,50.47999954223633
2016-06-14,50.06999969482422
2016-06-15,50.2599983215332
2016-06-16,50.34000015258789
2016-06-17,50.25
2016-06-20,50.58000183105469
2016-06-21,50.77000045776367
2016-06-22,50.560001373291016
2016-06-23,50.970001220703125
2016-06-24,49.77000045776367
2016-06-27,48.70000076293945
2016-06-28,49.38999938964844
2016-06-29,50.34000015258789
2016-06-30,51.209999084472656
2016-07-01,51.2599983215332
2016-07-05,51.04999923706055
2016-07-06,51.290000915527344
2016-07-07,51.27000045776367
2016-07-08,52.189998626708984
2016-07-11,52.52000045776367
2016-07-12,52.66999816894531
2016-07-13,52.59000015258789
2016-07-14,52.599998474121094
2016-07-15,52.56999969482422
2016-07-18,52.66999816894531
2016-07-19,52.65999984741211
2016-07-20,52.959999084472656
2016-07-21,52.61000061035156
2016-07-22,53.09000015258789
2016-07-25,52.970001220703125
2016-07-26,53.04999923706055
2016-07-27,52.90999984741211
2016-07-28,53.25
2016-07-29,53.40999984741211
2016-08-01,53.0099983215332
2016-08-02,52.790000915527344
2016-08-03,52.7599983215332
2016-08-04,52.959999084472656
2016-08-05,53.2400016784668
2016-08-08,53.060001373291016
2016-08-09,53.119998931884766
2016-08-10,53.060001373291016
2016-08-11,53.13999938964844
2016-08-12,53.189998626708984
2016-08-15,53.45000076293945
2016-08-16,52.86000061035156
2016-08-17,52.72999954223633
2016-08-18,52.95000076293945
2016-08-19,53.02000045776367
2016-08-22,53.060001373291016
2016-08-23,53.290000915527344
2016-08-24,52.869998931884766
2016-08-25,53.08000183105469
2016-08-26,52.79999923706055
2016-08-29,53.16999816894531
2016-08-30,53.029998779296875
2016-08-31,52.91999816894531
2016-09-01,52.97999954223633
2016-09-02,53.439998626708984
2016-09-06,53.459999084472656
2016-09-07,53.54999923706055
2016-09-08,53.31999969482422
2016-09-09,51.91999816894531
2016-09-12,52.380001068115234
2016-09-13,51.56999969482422
2016-09-14,51.470001220703125
2016-09-15,52.119998931884766
2016-09-16,52.0
2016-09-19,52.060001373291016
2016-09-20,52.279998779296875
2016-09-21,52.34000015258789
2016-09-22,53.25
2016-09-23,53.099998474121094
2016-09-26,52.810001373291016
2016-09-27,52.720001220703125
2016-09-28,52.959999084472656
2016-09-29,52.47999954223633
2016-09-30,52.91999816894531
2016-10-03,52.369998931884766
2016-10-04,52.0099983215332
2016-10-05,52.04999923706055
2016-10-06,52.060001373291016
2016-10-07,51.779998779296875
2016-10-10,52.189998626708984
2016-10-11,51.04999923706055
2016-10-12,51.189998626708984
2016-10-13,50.91999816894531
2016-10-14,50.790000915527344
2016-10-17,50.66999816894531
2016-10-18,51.119998931884766
2016-10-19,51.25
2016-10-20,50.880001068115234
2016-10-21,50.939998626708984
2016-10-24,51.279998779296875
2016-10-25,50.72999954223633
2016-10-26,50.369998931884766
2016-10-27,49.83000183105469
2016-10-28,49.88999938964844
2016-10-31,49.959999084472656
2016-11-01,49.400001525878906
2016-11-02,48.97999954223633
2016-11-03,48.880001068115234
2016-11-04,48.790000915527344
2016-11-07,49.84000015258789
2016-11-08,50.279998779296875
2016-11-09,50.790000915527344
2016-11-10,50.880001068115234
2016-11-11,51.119998931884766
2016-11-14,51.43000030517578
2016-11-15,51.93000030517578
2016-11-16,52.02000045776367
2016-11-17,52.380001068115234
2016-11-18,52.369998931884766
2016-11-21,52.61000061035156
2016-11-22,52.869998931884766
2016-11-23,53.130001068115234
2016-11-25,53.25
2016-11-28,52.7400016784668
2016-11-29,52.939998626708984
2016-11-30,52.68000030517578
2016-12-01,51.72999954223633
2016-12-02,51.95000076293945
2016-12-05,52.529998779296875
2016-12-06,53.0099983215332
2016-12-07,53.38999938964844
2016-12-08,53.880001068115234
2016-12-09,53.84000015258789
2016-12-12,53.40999984741211
2016-12-13,53.689998626708984
2016-12-14,53.2599983215332
2016-12-15,53.349998474121094
2016-12-16,53.11000061035156
2016-12-19,53.400001525878906
2016-12-20,53.5
2016-12-21,53.31999969482422
2016-12-22,52.77000045776367
2016-12-23,53.0
2016-12-27,53.38999938964844
2016-12-28,52.779998779296875
2016-12-29,52.81999969482422
2016-12-30,52.33000183105469
2017-01-03,52.790000915527344
2017-01-04,53.65999984741211
2017-01-05,53.47999954223633
2017-01-06,53.540000915527344
2017-01-09,53.4900016784668
2017-01-10,53.65999984741211
2017-01-11,53.77000045776367
2017-01-12,53.68000030517578
2017-01-13,53.970001220703125
2017-01-17,53.400001525878906
2017-01-18,53.720001220703125
2017-01-19,53.34000015258789
2017-01-20,53.61000061035156
2017-01-23,53.45000076293945
2017-01-24,54.279998779296875
2017-01-25,54.529998779296875
2017-01-26,54.45000076293945
2017-01-27,54.27000045776367
2017-01-30,54.04999923706055
2017-01-31,54.04999923706055
2017-02-01,54.02000045776367
2017-02-02,54.150001525878906
2017-02-03,54.619998931884766
2017-02-06,54.45000076293945
2017-02-07,54.34000015258789
2017-02-08,54.47999954223633
2017-02-09,54.970001220703125
2017-02-10,55.18000030517578
2017-02-13,55.29999923706055
2017-02-14,55.439998626708984
2017-02-15,55.65999984741211
2017-02-16,55.59000015258789
2017-02-17,55.75
2017-02-21,56.060001373291016
2017-02-22,55.93000030517578
2017-02-23,55.75
2017-02-24,55.79999923706055
2017-02-27,56.130001068115234
2017-02-28,55.68000030517578
2017-03-01,56.529998779296875
2017-03-02,56.09000015258789
2017-03-03,56.119998931884766
2017-03-06,55.93000030517578
2017-03-07,55.65999984741211
2017-03-08,55.56999969482422
2017-03-09,55.290000915527344
2017-03-10,55.630001068115234
2017-03-13,55.70000076293945
2017-03-14,55.439998626708984
2017-03-15,56.2599983215332
2017-03-16,56.15999984741211
2017-03-17,56.529998779296875
2017-03-20,56.220001220703125
2017-03-21,55.209999084472656
2017-03-22,55.220001220703125
2017-03-23,55.34000015258789
2017-03-24,55.36000061035156
2017-03-27,55.33000183105469
2017-03-28,55.66999816894531
2017-03-29,55.7599983215332
2017-03-30,55.970001220703125
2017-03-31,56.209999084472656
2017-04-03,55.720001220703125
2017-04-04,55.72999954223633
2017-04-05,55.380001068115234
2017-04-06,55.45000076293945
2017-04-07,55.68000030517578
2017-04-10,55.619998931884766
2017-04-11,55.56999969482422
2017-04-12,55.130001068115234
2017-04-13,54.650001525878906
2017-04-17,55.11000061035156
2017-04-18,55.0099983215332
2017-04-19,55.38999938964844
2017-04-20,56.04999923706055
2017-04-21,55.81999969482422
2017-04-24,56.77000045776367
2017-04-25,57.279998779296875
2017-04-26,57.25
2017-04-27,57.34000015258789
2017-04-28,57.02000045776367
2017-05-01,57.380001068115234
2017-05-02,56.9900016784668
2017-05-03,56.790000915527344
2017-05-04,56.79999923706055
2017-05-05,57.04999923706055
2017-05-08,56.90999984741211
2017-05-09,57.02000045776367
2017-05-10,57.2599983215332
2017-05-11,57.130001068115234
2017-05-12,56.880001068115234
2017-05-15,57.470001220703125
2017-05-16,57.54999923706055
2017-05-17,55.9900016784668
2017-05-18,56.31999969482422
2017-05-19,56.86000061035156
2017-05-22,57.16999816894531
2017-05-23,57.2400016784668
2017-05-24,57.47999954223633
2017-05-25,57.77000045776367
2017-05-26,57.75
2017-05-30,57.59000015258789
2017-05-31,57.5
2017-06-01,58.119998931884766
2017-06-02,58.400001525878906
2017-06-05,58.349998474121094
2017-06-06,58.27000045776367
2017-06-07,58.349998474121094
2017-06-08,58.95000076293945
2017-06-09,58.47999954223633
2017-06-12,58.2599983215332
2017-06-13,58.779998779296875
2017-06-14,58.439998626708984
2017-06-15,58.27000045776367
2017-06-16,58.20000076293945
2017-06-19,58.939998626708984
2017-06-20,58.5
2017-06-21,58.470001220703125
2017-06-22,58.56999969482422
2017-06-23,58.77000045776367
2017-06-26,58.810001373291016
2017-06-27,58.34000015258789
2017-06-28,58.95000076293945
2017-06-29,58.189998626708984
2017-06-30,58.34000015258789
2017-07-03,58.4900016784668
2017-07-05,58.59000015258789
2017-07-06,58.15999984741211
2017-07-07,58.70000076293945
2017-07-10,58.599998474121094
2017-07-11,58.88999938964844
2017-07-12,59.41999816894531
2017-07-13,59.279998779296875
2017-07-14,59.59000015258789
2017-07-17,59.459999084472656
2017-07-18,59.560001373291016
2017-07-19,59.900001525878906
2017-07-20,59.81999969482422
2017-07-21,59.83000183105469
2017-07-24,60.029998779296875
2017-07-25,60.2400016784668
2017-07-26,60.060001373291016
2017-07-27,59.45000076293945
2017-07-28,59.459999084472656
2017-07-31,59.40999984741211
2017-08-01,59.56999969482422
2017-08-02,59.119998931884766
2017-08-03,59.13999938964844
2017-08-04,59.11000061035156
2017-08-07,59.369998931884766
2017-08-08,59.220001220703125
2017-08-09,58.81999969482422
2017-08-10,57.84000015258789
2017-08-11,57.97999954223633
2017-08-14,58.7400016784668
2017-08-15,58.63999938964844
2017-08-16,58.84000015258789
2017-08-17,58.029998779296875
2017-08-18,58.0
2017-08-21,57.79999923706055
2017-08-22,58.58000183105469
2017-08-23,58.40999984741211
2017-08-24,58.47999954223633
2017-08-25,58.560001373291016
2017-08-28,58.459999084472656
2017-08-29,58.65999984741211
2017-08-30,59.15999984741211
2017-08-31,59.83000183105469
2017-09-01,59.91999816894531
2017-09-05,59.29999923706055
2017-09-06,59.400001525878906
2017-09-07,59.220001220703125
2017-09-08,59.290000915527344
2017-09-11,59.970001220703125
2017-09-12,60.33000183105469
2017-09-13,60.15999984741211
2017-09-14,60.150001525878906
2017-09-15,60.2400016784668
2017-09-18,60.54999923706055
2017-09-19,60.65999984741211
2017-09-20,60.689998626708984
2017-09-21,60.65999984741211
2017-09-22,60.65999984741211
2017-09-25,60.209999084472656
2017-09-26,60.380001068115234
2017-09-27,61.25
2017-09-28,61.380001068115234
2017-09-29,61.63999938964844
2017-10-02,62.02000045776367
2017-10-03,62.11000061035156
2017-10-04,62.41999816894531
2017-10-05,62.650001525878906
2017-10-06,62.619998931884766
2017-10-09,62.709999084472656
2017-10-10,62.84000015258789
2017-10-11,62.84000015258789
2017-10-12,62.880001068115234
2017-10-13,62.9900016784668
2017-10-16,63.0
2017-10-17,62.83000183105469
2017-10-18,63.06999969482422
2017-10-19,63.02000045776367
2017-10-20,63.52000045776367
2017-10-23,63.29999923706055
2017-10-24,63.40999984741211
2017-10-25,62.90999984741211
2017-10-26,63.16999816894531
2017-10-27,63.54999923706055
2017-10-30,63.20000076293945
2017-10-31,63.810001373291016
2017-11-01,63.25
2017-11-02,63.52000045776367
2017-11-03,63.83000183105469
2017-11-06,63.90999984741211
2017-11-07,63.40999984741211
2017-11-08,63.79999923706055
2017-11-09,63.16999816894531
2017-11-10,63.209999084472656
2017-11-13,63.58000183105469
2017-11-14,63.529998779296875
2017-11-15,63.150001525878906
2017-11-16,63.939998626708984
2017-11-17,64.04000091552734
2017-11-20,64.37999725341797
2017-11-21,64.95999908447266
2017-11-22,64.9000015258789
2017-11-24,65.0199966430664
2017-11-27,65.02999877929688
2017-11-28,65.51000213623047
2017-11-29,64.72000122070312
2017-11-30,65.4000015258789
2017-12-01,65.08999633789062
2017-12-04,64.30000305175781
2017-12-05,64.12999725341797
2017-12-06,64.19999694824219
2017-12-07,64.80000305175781
2017-12-08,64.91999816894531
2017-12-11,64.80999755859375
2017-12-12,64.79000091552734
2017-12-13,64.94999694824219
2017-12-14,64.36000061035156
2017-12-15,65.13999938964844
2017-12-18,65.80999755859375
2017-12-19,65.72000122070312
2017-12-20,65.7699966430664
2017-12-21,65.75
2017-12-22,65.52999877929688
2017-12-26,65.48999786376953
2017-12-27,65.58000183105469
2017-12-28,65.73999786376953
2017-12-29,65.6500015258789
2018-01-02,65.83000183105469
2018-01-03,66.41999816894531
2018-01-04,66.66000366210938
2018-01-05,66.93000030517578
2018-01-08,67.44999694824219
2018-01-09,67.55000305175781
2018-01-10,67.25
2018-01-11,68.0
2018-01-12,68.41000366210938
2018-01-16,67.88999938964844
2018-01-17,68.73999786376953
2018-01-18,68.66999816894531
2018-01-19,69.36000061035156
2018-01-22,69.83000183105469
2018-01-23,70.0999984741211
2018-01-24,69.87000274658203
2018-01-25,69.77999877929688
2018-01-26,70.61000061035156
2018-01-29,69.88999938964844
2018-01-30,69.37999725341797
2018-01-31,69.19999694824219
2018-02-01,69.3499984741211
2018-02-02,67.9000015258789
2018-02-05,65.69999694824219
2018-02-06,66.23999786376953
2018-02-07,66.27999877929688
2018-02-08,64.0199966430664
2018-02-09,64.5
2018-02-12,65.66000366210938
2018-02-13,65.7699966430664
2018-02-14,67.37999725341797
2018-02-15,68.12000274658203
2018-02-16,68.18000030517578
2018-02-20,67.7699966430664
2018-02-21,67.86000061035156
2018-02-22,67.68000030517578
2018-02-23,68.61000061035156
2018-02-26,69.05999755859375
2018-02-27,68.56999969482422
2018-02-28,67.77999877929688
2018-03-01,67.2300033569336
2018-03-02,67.81999969482422
2018-03-05,68.58000183105469
2018-03-06,69.02999877929688
2018-03-07,69.4800033569336
2018-03-08,69.73999786376953
2018-03-09,70.97000122070312
2018-03-12,71.13999938964844
2018-03-13,70.62999725341797
2018-03-14,70.5199966430664
2018-03-15,70.3499984741211
2018-03-16,70.5199966430664
2018-03-19,69.63999938964844
2018-03-20,70.2300033569336
2018-03-21,70.37999725341797
2018-03-22,68.29000091552734
2018-03-23,67.51000213623047
2018-03-26,68.5199966430664
2018-03-27,67.04000091552734
2018-03-28,66.7300033569336
2018-03-29,67.93000030517578
2018-04-02,65.75
2018-04-03,66.6500015258789
2018-04-04,67.23999786376953
2018-04-05,67.98999786376953
2018-04-06,66.37000274658203
2018-04-09,66.61000061035156
2018-04-10,67.58999633789062
2018-04-11,67.56999969482422
2018-04-12,68.5199966430664
2018-04-13,68.0199966430664
2018-04-16,68.5999984741211
2018-04-17,69.80000305175781
2018-04-18,69.98999786376953
2018-04-19,69.47000122070312
2018-04-20,68.8499984741211
2018-04-23,68.55000305175781
2018-04-24,67.47000122070312
2018-04-25,67.61000061035156
2018-04-26,68.31999969482422
2018-04-27,67.9800033569336
2018-04-30,67.7300033569336
2018-05-01,67.91999816894531
2018-05-02,67.9800033569336
2018-05-03,67.77999877929688
2018-05-04,68.80999755859375
2018-05-07,69.25
2018-05-08,69.5
2018-05-09,70.2699966430664
2018-05-10,70.91999816894531
2018-05-11,71.0999984741211
2018-05-14,70.72000122070312
2018-05-15,70.52999877929688
2018-05-16,71.0
2018-05-17,71.05999755859375
2018-05-18,71.5199966430664
2018-05-21,71.87999725341797
2018-05-22,71.20999908447266
2018-05-23,71.44999694824219
2018-05-24,71.7300033569336
2018-05-25,71.5199966430664
2018-05-29,70.9800033569336
2018-05-30,72.2699966430664
2018-05-31,71.66999816894531
2018-06-01,72.5199966430664
2018-06-04,72.83999633789062
2018-06-05,73.33000183105469
2018-06-06,73.76000213623047
2018-06-07,73.36000061035156
2018-06-08,73.8499984741211
2018-06-11,73.8499984741211
2018-06-12,74.37999725341797
2018-06-13,74.2300033569336
2018-06-14,74.5
2018-06-15,74.43000030517578
2018-06-18,74.75
2018-06-19,74.3499984741211
2018-06-20,74.94000244140625
2018-06-21,74.08000183105469
2018-06-22,73.5
2018-06-25,71.66999816894531
2018-06-26,72.37000274658203
2018-06-27,71.37999725341797
2018-06-28,71.72000122070312
2018-06-29,72.16000366210938
2018-07-02,72.18000030517578
2018-07-03,71.97000122070312
2018-07-05,72.44999694824219
2018-07-06,73.44000244140625
2018-07-09,73.91999816894531
2018-07-10,74.0199966430664
2018-07-11,73.55000305175781
2018-07-12,74.2699966430664
2018-07-13,74.29000091552734
2018-07-16,73.87999725341797
2018-07-17,74.66000366210938
2018-07-18,74.79000091552734
2018-07-19,74.80000305175781
2018-07-20,74.69999694824219
2018-07-23,74.6500015258789
2018-07-24,73.91000366210938
2018-07-25,74.41999816894531
2018-07-26,74.7300033569336
2018-07-27,73.25
2018-07-30,72.33000183105469
2018-07-31,72.75
2018-08-01,72.97000122070312
2018-08-02,73.80000305175781
2018-08-03,73.48999786376953
2018-08-06,73.94000244140625
2018-08-07,74.38999938964844
2018-08-08,74.25
2018-08-09,74.43000030517578
2018-08-10,74.51000213623047
2018-08-13,73.83000183105469
2018-08-14,74.47000122070312
2018-08-15,73.5199966430664
2018-08-16,74.12000274658203
2018-08-17,74.23999786376953
2018-08-20,74.58999633789062
2018-08-21,75.12999725341797
2018-08-22,75.55000305175781
2018-08-23,75.31999969482422
2018-08-24,76.2699966430664
2018-08-27,76.66000366210938
2018-08-28,76.81999969482422
2018-08-29,77.30999755859375
2018-08-30,77.11000061035156
2018-08-31,77.43000030517578
2018-09-04,77.48999786376953
2018-09-05,76.63999938964844
2018-09-06,76.30999755859375
2018-09-07,76.25
2018-09-10,76.69999694824219
2018-09-11,77.06999969482422
2018-09-12,77.12999725341797
2018-09-13,77.18000030517578
2018-09-14,77.58000183105469
2018-09-17,76.37999725341797
2018-09-18,77.0
2018-09-19,76.48999786376953
2018-09-20,76.88999938964844
2018-09-21,76.63999938964844
2018-09-24,76.62999725341797
2018-09-25,77.06999969482422
2018-09-26,76.62999725341797
2018-09-27,76.77999877929688
2018-09-28,76.91999816894531
2018-10-01,76.31999969482422
2018-10-02,75.54000091552734
2018-10-03,76.06999969482422
2018-10-04,74.54000091552734
2018-10-05,74.16999816894531
2018-10-08,73.11000061035156
2018-10-09,73.05999755859375
2018-10-10,70.01000213623047
2018-10-11,68.87999725341797
2018-10-12,69.86000061035156
2018-10-15,69.94000244140625
2018-10-16,71.58000183105469
2018-10-17,71.41000366210938
2018-10-18,70.2699966430664
2018-10-19,69.25
2018-10-22,69.68000030517578
2018-10-23,68.62000274658203
2018-10-24,65.7699966430664
2018-10-25,66.95999908447266
2018-10-26,65.94000244140625
2018-10-29,65.30000305175781
2018-10-30,66.51000213623047
2018-10-31,67.69999694824219
2018-11-01,68.81999969482422
2018-11-02,68.62000274658203
2018-11-05,68.41999816894531
2018-11-06,68.5999984741211
2018-11-07,70.80999755859375
2018-11-08,70.26000213623047
2018-11-09,69.0999984741211
2018-11-12,67.83999633789062
2018-11-13,67.37999725341797
2018-11-14,66.83000183105469
2018-11-15,67.55000305175781
2018-11-16,67.83000183105469
2018-11-19,65.5999984741211
2018-11-20,64.16000366210938
2018-11-21,65.13999938964844
2018-11-23,65.18000030517578
2018-11-26,66.04000091552734
2018-11-27,65.77999877929688
2018-11-28,67.93000030517578
2018-11-29,68.1500015258789
2018-11-30,68.30000305175781
2018-12-03,69.27999877929688
2018-12-04,66.58000183105469
2018-12-06,66.23999786376953
2018-12-07,64.55000305175781
2018-12-10,64.70999908447266
2018-12-11,65.11000061035156
2018-12-12,65.73999786376953
2018-12-13,64.7300033569336
2018-12-14,63.65999984741211
2018-12-17,61.689998626708984
2018-12-18,61.619998931884766
2018-12-19,60.75
2018-12-20,59.34000015258789
2018-12-21,57.939998626708984
2018-12-24,56.56999969482422
2018-12-26,59.7599983215332
2018-12-27,60.16999816894531
2018-12-28,60.58000183105469
2018-12-31,61.29999923706055
2019-01-02,60.75
2019-01-03,59.209999084472656
2019-01-04,62.13999938964844
2019-01-07,63.0099983215332
2019-01-08,63.93000030517578
2019-01-09,64.23999786376953
2019-01-10,64.83000183105469
2019-01-11,64.83999633789062
2019-01-14,64.19000244140625
2019-01-15,64.95999908447266
2019-01-16,65.18000030517578
2019-01-17,65.77999877929688
2019-01-18,66.4800033569336
2019-01-22,65.43000030517578
2019-01-23,65.66000366210938
2019-01-24,65.93000030517578
2019-01-25,66.56999969482422
2019-01-28,66.20999908447266
2019-01-29,65.91999816894531
2019-01-30,66.7699966430664
2019-01-31,67.30000305175781
2019-02-01,67.61000061035156
2019-02-04,68.45999908447266
2019-02-05,68.55999755859375
2019-02-06,68.45999908447266
2019-02-07,68.06999969482422
2019-02-08,68.58999633789062
2019-02-11,68.76000213623047
2019-02-12,69.63999938964844
2019-02-13,69.95999908447266
2019-02-14,69.95999908447266
2019-02-15,70.62999725341797
2019-02-19,70.87000274658203
2019-02-20,70.66000366210938
2019-02-21,70.44000244140625
2019-02-22,71.37000274658203
2019-02-25,71.47000122070312
2019-02-26,71.23999786376953
2019-02-27,71.20999908447266
2019-02-28,71.3499984741211
2019-03-01,71.81999969482422
2019-03-04,70.80999755859375
2019-03-05,70.94999694824219
2019-03-06,70.0199966430664
2019-03-07,69.30999755859375
2019-03-08,69.16000366210938
2019-03-11,70.45999908447266
2019-03-12,70.62999725341797
2019-03-13,71.0199966430664
2019-03-14,71.02999877929688
2019-03-15,70.94000244140625
2019-03-18,71.44999694824219
2019-03-19,71.48999786376953
2019-03-20,71.29000091552734
2019-03-21,72.29000091552734
2019-03-22,70.3499984741211
2019-03-25,70.55999755859375
2019-03-26,70.9800033569336
2019-03-27,70.61000061035156
2019-03-28,71.0199966430664
2019-03-29,71.68000030517578
2019-04-01,72.2699966430664
2019-04-02,72.3499984741211
2019-04-03,72.62000274658203
2019-04-04,72.5
2019-04-05,72.86000061035156
2019-04-08,72.91000366210938
2019-04-09,72.3499984741211
2019-04-10,73.0999984741211
2019-04-11,73.13999938964844
2019-04-12,73.43000030517578
2019-04-15,73.27999877929688
2019-04-16,73.05999755859375
2019-04-17,72.16999816894531
2019-04-18,72.26000213623047
2019-04-22,72.30000305175781
2019-04-23,73.44000244140625
2019-04-24,73.36000061035156
2019-04-25,73.3499984741211
2019-04-26,73.80000305175781
2019-04-29,73.83000183105469
2019-04-30,73.75
2019-05-01,73.0999984741211
2019-05-02,73.19000244140625
2019-05-03,74.22000122070312
2019-05-06,74.06999969482422
2019-05-07,72.54000091552734
2019-05-08,72.93000030517578
2019-05-09,72.19000244140625
2019-05-10,72.69000244140625
2019-05-13,70.54000091552734
2019-05-14,71.33999633789062
2019-05-15,71.95999908447266
2019-05-16,72.5
2019-05-17,71.79000091552734
2019-05-20,71.22000122070312
2019-05-21,72.0
2019-05-22,71.81999969482422
2019-05-23,70.5
2019-05-24,71.13999938964844
2019-05-28,70.69999694824219
2019-05-29,70.1500015258789
2019-05-30,70.37000274658203
2019-05-31,69.77999877929688
2019-06-03,69.41999816894531
2019-06-04,70.66999816894531
2019-06-05,71.93000030517578
2019-06-06,72.31999969482422
2019-06-07,72.91000366210938
2019-06-10,73.33999633789062
2019-06-11,72.98999786376953
2019-06-12,73.16999816894531
2019-06-13,73.55999755859375
2019-06-14,73.06999969482422
2019-06-17,73.61000061035156
2019-06-18,74.16999816894531
2019-06-19,74.87000274658203
2019-06-20,75.4000015258789
2019-06-21,74.7699966430664
2019-06-24,74.1500015258789
2019-06-25,73.44000244140625
2019-06-26,73.06999969482422
2019-06-27,73.98999786376953
2019-06-28,74.6500015258789
2019-07-01,75.08999633789062
2019-07-02,75.30000305175781
2019-07-03,76.01000213623047
2019-07-05,76.01000213623047
2019-07-08,75.4800033569336
2019-07-09,75.80999755859375
2019-07-10,76.04000091552734
2019-07-11,75.79000091552734
2019-07-12,76.38999938964844
2019-07-15,76.33999633789062
2019-07-16,76.05999755859375
2019-07-17,75.98999786376953
2019-07-18,76.11000061035156
2019-07-19,75.4800033569336
2019-07-22,75.81999969482422
2019-07-23,76.11000061035156
2019-07-24,76.9000015258789
2019-07-25,76.4000015258789
2019-07-26,76.81999969482422
2019-07-29,76.33000183105469
2019-07-30,76.48999786376953
2019-07-31,76.11000061035156
2019-08-01,75.26000213623047
2019-08-02,74.5
2019-08-05,72.1500015258789
2019-08-06,73.23999786376953
2019-08-07,73.62999725341797
2019-08-08,75.19999694824219
2019-08-09,74.73999786376953
2019-08-12,73.75
2019-08-13,74.76000213623047
2019-08-14,72.66999816894531
2019-08-15,72.91000366210938
2019-08-16,74.0
2019-08-19,74.80000305175781
2019-08-20,74.41999816894531
2019-08-21,75.05000305175781
2019-08-22,75.16000366210938
2019-08-23,73.26000213623047
2019-08-26,73.77999877929688
2019-08-27,73.63999938964844
2019-08-28,73.88999938964844
2019-08-29,74.97000122070312
2019-08-30,74.4800033569336
2019-09-03,73.8499984741211
2019-09-04,74.54000091552734
2019-09-05,75.26000213623047
2019-09-06,75.19000244140625
2019-09-09,74.26000213623047
2019-09-10,73.55000305175781
2019-09-11,74.37999725341797
2019-09-12,74.8499984741211
2019-09-13,74.55000305175781
2019-09-16,74.80000305175781
2019-09-17,75.29000091552734
2019-09-18,74.86000061035156
2019-09-19,75.05999755859375
2019-09-20,74.93000030517578
2019-09-23,74.77999877929688
2019-09-24,74.0199966430664
2019-09-25,74.20999908447266
2019-09-26,73.80999755859375
2019-09-27,72.72000122070312
2019-09-30,73.30000305175781
2019-10-01,72.44999694824219
2019-10-02,71.30000305175781
2019-10-03,71.94000244140625
2019-10-04,72.91999816894531
2019-10-07,72.80000305175781
2019-10-08,71.61000061035156
2019-10-09,72.4000015258789
2019-10-10,72.4000015258789
2019-10-11,73.58999633789062
2019-10-14,72.94000244140625
2019-10-15,73.41000366210938
2019-10-16,73.01000213623047
2019-10-17,73.75
2019-10-18,73.4000015258789
2019-10-21,73.80000305175781
2019-10-22,73.33000183105469
2019-10-23,73.06999969482422
2019-10-24,73.58000183105469
2019-10-25,73.80000305175781
2019-10-28,74.0199966430664
2019-10-29,74.25
2019-10-30,74.47000122070312
2019-10-31,74.16000366210938
2019-11-01,74.63999938964844
2019-11-04,74.19999694824219
2019-11-05,74.05000305175781
2019-11-06,73.94999694824219
2019-11-07,73.80000305175781
2019-11-08,74.08000183105469
2019-11-11,74.30000305175781
2019-11-12,74.62000274658203
2019-11-13,74.70999908447266
2019-11-14,74.94999694824219
2019-11-15,75.33000183105469
2019-11-18,75.51000213623047
2019-11-19,75.94000244140625
2019-11-20,75.79000091552734
2019-11-21,75.31999969482422
2019-11-22,75.27999877929688
2019-11-25,76.26000213623047
2019-11-26,76.76000213623047
2019-11-27,77.06999969482422
2019-11-29,76.62000274658203
2019-12-02,75.70999908447266
2019-12-03,75.5199966430664
2019-12-04,75.98999786376953
2019-12-05,75.94000244140625
2019-12-06,76.43000030517578
2019-12-09,76.12000274658203
2019-12-10,75.8499984741211
2019-12-11,75.95999908447266
2019-12-12,76.19999694824219
2019-12-13,75.98999786376953
2019-12-16,76.5199966430664
2019-12-17,76.44999694824219
2019-12-18,76.55000305175781
2019-12-19,76.83000183105469
2019-12-20,77.37000274658203
2019-12-23,77.19000244140625
2019-12-24,77.29000091552734
2019-12-26,77.47000122070312
2019-12-27,77.44999694824219
2019-12-30,77.11000061035156
2019-12-31,77.26000213623047
2020-01-02,77.36000061035156
2020-01-03,77.68000030517578
2020-01-06,77.7699966430664
2020-01-07,77.80999755859375
2020-01-08,78.12999725341797
2020-01-09,78.54000091552734
2020-01-10,78.22000122070312
2020-01-13,78.95999908447266
2020-01-14,79.08999633789062
2020-01-15,79.29000091552734
2020-01-16,80.16999816894531
2020-01-17,80.2699966430664
2020-01-21,80.12999725341797
2020-01-22,80.23999786376953
2020-01-23,80.3499984741211
2020-01-24,79.5199966430664
2020-01-27,78.51000213623047
2020-01-28,79.5
2020-01-29,79.33000183105469
2020-01-30,79.41999816894531
2020-01-31,77.95999908447266
2020-02-03,78.86000061035156
2020-02-04,80.41000366210938
2020-02-05,80.44000244140625
2020-02-06,80.76000213623047
2020-02-07,80.04000091552734
2020-02-10,80.83999633789062
2020-02-11,81.37999725341797
2020-02-12,81.94999694824219
2020-02-13,82.2699966430664
2020-02-14,82.47000122070312
2020-02-18,82.5
2020-02-19,83.25
2020-02-20,83.0199966430664
2020-02-21,81.87999725341797
2020-02-24,79.37000274658203
2020-02-25,76.83000183105469
2020-02-26,76.19000244140625
2020-02-27,73.41000366210938
2020-02-28,72.45999908447266
2020-03-02,75.0199966430664
2020-03-03,73.36000061035156
2020-03-04,76.12999725341797
2020-03-05,73.36000061035156
2020-03-06,72.1500015258789
2020-03-09,66.66999816894531
2020-03-10,68.72000122070312
2020-03-11,64.98999786376953
2020-03-12,58.56999969482422
2020-03-13,62.290000915527344
2020-03-16,54.189998626708984
2020-03-17,57.0
2020-03-18,52.2400016784668
2020-03-19,54.58000183105469
2020-03-20,52.709999084472656
2020-03-23,52.25
2020-03-24,57.33000183105469
2020-03-25,58.650001525878906
2020-03-26,61.81999969482422
2020-03-27,59.83000183105469
2020-03-30,61.0
2020-03-31,60.47999954223633
2020-04-01,56.529998779296875
2020-04-02,57.7599983215332
2020-04-03,56.439998626708984
2020-04-06,61.189998626708984
2020-04-07,61.279998779296875
2020-04-08,63.439998626708984
2020-04-09,64.87000274658203
2020-04-13,63.900001525878906
2020-04-14,66.02999877929688
2020-04-15,64.4800033569336
2020-04-16,65.16000366210938
2020-04-17,67.06999969482422
2020-04-20,66.58000183105469
2020-04-21,64.41000366210938
2020-04-22,65.86000061035156
2020-04-23,65.98999786376953
2020-04-24,67.0
2020-04-27,68.47000122070312
2020-04-28,68.30999755859375
2020-04-29,70.43000030517578
2020-04-30,69.06999969482422
2020-05-01,66.86000061035156
2020-05-04,67.48999786376953
2020-05-05,68.95999908447266
2020-05-06,69.16000366210938
2020-05-07,70.2300033569336
2020-05-08,71.47000122070312
2020-05-11,72.2300033569336
2020-05-12,70.41000366210938
2020-05-13,68.75
2020-05-14,69.05999755859375
2020-05-15,69.93000030517578
2020-05-18,72.4000015258789
2020-05-19,71.5999984741211
2020-05-20,72.94999694824219
2020-05-21,72.7699966430664
2020-05-22,73.4000015258789
2020-05-26,74.37999725341797
2020-05-27,74.83000183105469
2020-05-28,74.7300033569336
2020-05-29,75.61000061035156
2020-06-01,76.19999694824219
2020-06-02,76.66999816894531
2020-06-03,77.61000061035156
2020-06-04,76.38999938964844
2020-06-05,77.80999755859375
2020-06-08,78.5199966430664
2020-06-09,78.0199966430664
2020-06-10,77.95999908447266
2020-06-11,73.5199966430664
2020-06-12,74.2699966430664
2020-06-15,75.80999755859375
2020-06-16,77.05999755859375
2020-06-17,77.22000122070312
2020-06-18,77.3499984741211
2020-06-19,77.41000366210938
2020-06-22,78.13999938964844
2020-06-23,78.08000183105469
2020-06-24,76.33999633789062
2020-06-25,77.16000366210938
2020-06-26,75.77999877929688
2020-06-29,76.44999694824219
2020-06-30,77.94000244140625
2020-07-01,78.56999969482422
2020-07-02,78.9000015258789
2020-07-06,79.86000061035156
2020-07-07,79.18000030517578
2020-07-08,80.13999938964844
2020-07-09,79.97000122070312
2020-07-10,80.04000091552734
2020-07-13,78.05000305175781
2020-07-14,79.25
2020-07-15,80.7699966430664
2020-07-16,80.25
2020-07-17,81.02999877929688
2020-07-20,82.19999694824219
2020-07-21,82.05000305175781
2020-07-22,82.55000305175781
2020-07-23,81.69000244140625
2020-07-24,80.73999786376953
2020-07-27,82.12999725341797
2020-07-28,81.0
2020-07-29,82.66000366210938
2020-07-30,83.05999755859375
2020-07-31,82.97000122070312
2020-08-03,84.55999755859375
2020-08-04,84.73999786376953
2020-08-05,85.6500015258789
2020-08-06,85.58999633789062
2020-08-07,85.3499984741211
2020-08-10,84.44000244140625
2020-08-11,84.69000244140625
2020-08-12,84.69999694824219
2020-08-13,85.29000091552734
2020-08-14,84.7699966430664
2020-08-17,85.88999938964844
2020-08-18,85.8499984741211
2020-08-19,85.5999984741211
2020-08-20,85.8499984741211
2020-08-21,85.55000305175781
2020-08-24,85.68000030517578
2020-08-25,86.19000244140625
2020-08-26,86.83000183105469
2020-08-27,86.88999938964844
2020-08-28,87.44000244140625
2020-08-31,87.66999816894531
2020-09-01,88.80999755859375
2020-09-02,89.91999816894531
2020-09-03,85.45999908447266
2020-09-04,84.30999755859375
2020-09-08,82.5199966430664
2020-09-09,84.1500015258789
2020-09-10,83.16999816894531
2020-09-11,82.41999816894531
2020-09-14,84.58999633789062
2020-09-15,85.55999755859375
2020-09-16,85.51000213623047
2020-09-17,84.51000213623047
2020-09-18,83.51000213623047
2020-09-21,83.5999984741211
2020-09-22,84.87000274658203
2020-09-23,82.83999633789062
2020-09-24,82.4800033569336
2020-09-25,84.20999908447266
2020-09-28,85.79000091552734
2020-09-29,85.91000366210938
2020-09-30,86.05999755859375
2020-10-01,87.44000244140625
2020-10-02,87.23999786376953
2020-10-05,88.87000274658203
2020-10-06,88.56999969482422
2020-10-07,90.01000213623047
2020-10-08,90.31999969482422
2020-10-09,91.56999969482422
2020-10-12,92.2300033569336
2020-10-13,92.83999633789062
2020-10-14,91.8499984741211
2020-10-15,92.08000183105469
2020-10-16,91.98999786376953
2020-10-19,91.0
2020-10-20,90.75
2020-10-21,90.05000305175781
2020-10-22,90.20999908447266
2020-10-23,90.77999877929688
2020-10-26,89.3499984741211
2020-10-27,89.5
2020-10-28,87.19000244140625
2020-10-29,87.91000366210938
2020-10-30,85.1500015258789
2020-11-02,85.9800033569336
2020-11-03,88.51000213623047
2020-11-04,91.23999786376953
2020-11-05,93.5999984741211
2020-11-06,93.9800033569336
2020-11-09,91.06999969482422
2020-11-10,90.48999786376953
2020-11-11,92.4800033569336
2020-11-12,91.76000213623047
2020-11-13,92.33999633789062
2020-11-16,93.05999755859375
2020-11-17,93.52999877929688
2020-11-18,92.70999908447266
2020-11-19,93.87999725341797
2020-11-20,94.44999694824219
2020-11-23,95.05000305175781
2020-11-24,94.98999786376953
2020-11-25,95.45999908447266
2020-11-27,96.88999938964844
2020-11-30,96.87999725341797
2020-12-01,97.31999969482422
2020-12-02,96.45999908447266
2020-12-03,97.80999755859375
2020-12-04,98.54000091552734
2020-12-07,99.13999938964844
2020-12-08,100.19999694824219
2020-12-09,98.66000366210938
2020-12-10,99.80000305175781
2020-12-11,100.05999755859375
2020-12-14,100.76000213623047
2020-12-15,102.0999984741211
2020-12-16,102.22000122070312
2020-12-17,103.94000244140625
2020-12-18,104.08999633789062
2020-12-21,104.94000244140625
2020-12-22,106.41000366210938
2020-12-23,106.12999725341797
2020-12-24,105.76000213623047
2020-12-28,104.69999694824219
2020-12-29,103.1500015258789
2020-12-30,104.06999969482422
2020-12-31,103.76000213623047
2021-01-04,102.27999877929688
2021-01-05,103.95999908447266
2021-01-06,105.0
2021-01-07,108.08000183105469
2021-01-08,108.62000274658203
2021-01-11,108.70999908447266
2021-01-12,109.9800033569336
2021-01-13,109.47000122070312
2021-01-14,110.36000061035156
2021-01-15,109.12000274658203
2021-01-19,110.62999725341797
2021-01-20,111.62000274658203
2021-01-21,111.22000122070312
2021-01-22,111.63999938964844
2021-01-25,111.26000213623047
2021-01-26,109.83000183105469
2021-01-27,106.7699966430664
2021-01-28,108.25
2021-01-29,106.66000366210938
2021-02-01,109.0999984741211
2021-02-02,111.16999816894531
2021-02-03,111.0
2021-02-04,112.63999938964844
2021-02-05,114.12999725341797
2021-02-08,115.86000061035156
2021-02-09,116.41999816894531
2021-02-10,116.1500015258789
2021-02-11,117.0199966430664
2021-02-12,118.02999877929688
2021-02-16,117.19999694824219
2021-02-17,115.47000122070312
2021-02-18,114.75
2021-02-19,116.16999816894531
2021-02-22,112.98999786376953
2021-02-23,111.91000366210938
2021-02-24,113.19999694824219
2021-02-25,109.0199966430664
2021-02-26,110.0199966430664
2021-03-01,113.33999633789062
2021-03-02,111.29000091552734
2021-03-03,107.41999816894531
2021-03-04,103.77999877929688
2021-03-05,105.37999725341797
2021-03-08,103.44000244140625
2021-03-09,107.04000091552734
2021-03-10,107.5199966430664
2021-03-11,110.66000366210938
2021-03-12,110.37000274658203
2021-03-15,111.7300033569336
2021-03-16,110.70999908447266
2021-03-17,111.47000122070312
2021-03-18,107.43000030517578
2021-03-19,108.80999755859375
2021-03-22,109.4800033569336
2021-03-23,107.02999877929688
2021-03-24,104.75
2021-03-25,105.58000183105469
2021-03-26,107.41000366210938
2021-03-29,105.5199966430664
2021-03-30,106.06999969482422
2021-03-31,108.30999755859375
2021-04-01,110.18000030517578
2021-04-05,110.87999725341797
2021-04-06,111.2699966430664
2021-04-07,110.06999969482422
2021-04-08,111.55999755859375
2021-04-09,111.79000091552734
2021-04-12,111.5
2021-04-13,112.20999908447266
2021-04-14,112.05000305175781
2021-04-15,112.9800033569336
2021-04-16,113.30000305175781
2021-04-19,111.52999877929688
2021-04-20,109.80000305175781
2021-04-21,111.80999755859375
2021-04-22,111.7699966430664
2021-04-23,113.94000244140625
2021-04-26,115.25
2021-04-27,115.26000213623047
2021-04-28,115.11000061035156
2021-04-29,114.01000213623047
2021-04-30,112.58999633789062
2021-05-03,112.08000183105469
2021-05-04,110.36000061035156
2021-05-05,110.13999938964844
2021-05-06,109.31999969482422
2021-05-07,110.79000091552734
2021-05-10,108.19000244140625
2021-05-11,108.02999877929688
2021-05-12,104.48999786376953
2021-05-13,105.30999755859375
2021-05-14,107.98999786376953
